Departamento,Nombre_municipio,Codigo_municipio,porcentaje_si,porcentaje_no,votación,abstención
AMAZONAS,LETICIA,91001,50,50,26,74
AMAZONAS,EL ENCANTO,91263,77,23,30,70
AMAZONAS,LA CHORREA,91405,83,17,36,64
AMAZONAS,LA PEDRERA,91407,88,12,21,79
AMAZONAS,LA VICTORIA,91430,80,20,28,72
AMAZONAS,MIRITI - PARANA,91460,93,7,20,80
AMAZONAS,PUERTO ALEGRIA,91530,91,9,23,77
AMAZONAS,PUERTO ARICA,91536,82,18,29,71
AMAZONAS,PUERTO NARIÑO,91540,75,25,27,73
AMAZONAS,PUERTO SANTANDER,91669,89,11,22,78
AMAZONAS,TARAPAC,91798,80,20,26,74
ANTIOQUIA,MEDELLIN,05001,37,63,46,54
ANTIOQUIA,ABEJORRAL,05002,38,62,24,76
ANTIOQUIA,ABRIAQUI,05004,39,61,30,70
ANTIOQUIA,ALEJANDRIA,05021,58,42,38,62
ANTIOQUIA,AMAGA,05030,33,67,29,71
ANTIOQUIA,AMALFI,05031,36,64,23,77
ANTIOQUIA,ANDES,05034,36,64,26,74
ANTIOQUIA,ANGELOPOLIS,05036,36,64,28,72
ANTIOQUIA,ANGOSTURA,05038,39,61,21,79
ANTIOQUIA,ANORI,05040,65,35,27,73
ANTIOQUIA,SANTA ROSA DE OSOS,05042,30,70,40,60
ANTIOQUIA,ANZA,05044,33,67,20,80
ANTIOQUIA,APARTADO,05045,52,48,31,69
ANTIOQUIA,ARBOLETES,05051,66,34,27,73
ANTIOQUIA,ARGELIA,05055,32,68,31,69
ANTIOQUIA,ARMENIA,05059,31,69,21,79
ANTIOQUIA,BARBOSA,05079,33,67,35,65
ANTIOQUIA,BELMIRA,05086,43,57,34,66
ANTIOQUIA,BELLO,05088,36,64,38,62
ANTIOQUIA,BETANIA,05091,30,70,19,81
ANTIOQUIA,BETULIA,05093,34,66,23,77
ANTIOQUIA,CIUDAD BOLIVAR,05101,30,70,23,77
ANTIOQUIA,BRICEÑO,05107,69,31,34,66
ANTIOQUIA,BURITICA,05113,35,65,21,79
ANTIOQUIA,CACERES,05120,65,35,20,80
ANTIOQUIA,CAICEDO,05125,39,61,26,74
ANTIOQUIA,CALDAS,05129,37,63,43,57
ANTIOQUIA,CAMPAMENTO,05134,51,49,20,80
ANTIOQUIA,CAÑASGORDAS,05138,41,59,36,64
ANTIOQUIA,CARACOLI,05142,49,5,25,75
ANTIOQUIA,CARAMANTA,05145,42,58,27,73
ANTIOQUIA,CAREPA,05147,47,53,28,72
ANTIOQUIA,EL CARMEN DE VIBORAL,05148,33,67,34,66
ANTIOQUIA,CAROLINA,05150,42,58,28,72
ANTIOQUIA,CAUCASIA,05154,43,57,32,68
ANTIOQUIA,CHIGORODO,05172,52,48,28,72
ANTIOQUIA,CISNEROS,05190,37,63,26,74
ANTIOQUIA,COCORNA,05197,35,65,38,62
ANTIOQUIA,CONCEPCION,05206,38,62,35,65
ANTIOQUIA,CONCORDIA,05209,32,68,20,80
ANTIOQUIA,COPACABANA,05212,39,61,41,59
ANTIOQUIA,DABEIBA,05234,65,35,29,71
ANTIOQUIA,DON MATIAS,05237,26,74,32,68
ANTIOQUIA,EBEJICO,05240,35,65,25,75
ANTIOQUIA,EL BAGRE,05250,44,56,21,79
ANTIOQUIA,ENTRERRIOS,05264,33,67,34,66
ANTIOQUIA,ENVIGADO,05266,36,64,46,54
ANTIOQUIA,FREDONIA,05282,36,64,27,73
ANTIOQUIA,FRONTINO,05284,55,45,24,76
ANTIOQUIA,GIRALDO,05306,54,46,32,68
ANTIOQUIA,GIRARDOTA,05308,36,64,36,64
ANTIOQUIA,GOMEZ PLATA,05310,37,63,26,74
ANTIOQUIA,GRANADA,05313,39,61,35,65
ANTIOQUIA,GUADALUPE,05315,55,45,25,75
ANTIOQUIA,GUARNE,05318,27,73,47,53
ANTIOQUIA,GUATAPE,05321,39,61,50,50
ANTIOQUIA,HELICONIA,05347,44,56,24,76
ANTIOQUIA,HISPANIA,05353,41,59,22,78
ANTIOQUIA,ITAGUI,05360,37,63,39,61
ANTIOQUIA,ITUANGO,05361,69,31,24,76
ANTIOQUIA,JARDIN,05364,36,64,38,62
ANTIOQUIA,JERICO,05368,29,71,31,69
ANTIOQUIA,LA CEJA,05376,30,70,51,49
ANTIOQUIA,LA ESTRELLA,05380,36,64,37,63
ANTIOQUIA,LA PINTADA,05390,42,58,37,63
ANTIOQUIA,LA UNION,05400,35,65,46,54
ANTIOQUIA,LIBORINA,05411,36,64,29,71
ANTIOQUIA,MACEO,05425,42,58,25,75
ANTIOQUIA,MARINILLA,05440,31,69,47,53
ANTIOQUIA,MONTEBELLO,05467,55,45,30,70
ANTIOQUIA,MURINDO,05475,96,4,42,58
ANTIOQUIA,MUTATA,05480,65,35,22,78
ANTIOQUIA,NARIÑO,05483,33,67,28,72
ANTIOQUIA,NECOCLI,05490,60,40,23,77
ANTIOQUIA,NECHI,05495,52,48,21,79
ANTIOQUIA,OLAYA,05501,38,62,27,73
ANTIOQUIA,PEÑOL,05541,38,62,34,66
ANTIOQUIA,PEQUE,05543,73,27,38,62
ANTIOQUIA,PUEBLORRICO,05576,34,66,25,75
ANTIOQUIA,PUERTO BERRIO,05579,31,69,26,74
ANTIOQUIA,PUERTO NARE (LA MAGDALENA),05585,59,41,33,67
ANTIOQUIA,PUERTO TRIUNFO,05591,26,74,30,70
ANTIOQUIA,REMEDIOS,05604,35,65,21,79
ANTIOQUIA,RETIRO,05607,31,69,46,54
ANTIOQUIA,RIONEGRO,05615,31,69,50,50
ANTIOQUIA,SABANALARGA,05628,34,66,34,66
ANTIOQUIA,SABANETA,05631,37,63,46,54
ANTIOQUIA,SALGAR,05642,33,67,18,82
ANTIOQUIA,SAN ANDRES,05647,45,55,33,67
ANTIOQUIA,SAN CARLOS,05649,47,53,38,62
ANTIOQUIA,SAN FRANCISCO,05652,42,58,27,73
ANTIOQUIA,SAN JERONIMO,05656,37,63,29,71
ANTIOQUIA,SAN JOSE DE LA MONTAÑA,05658,37,63,33,67
ANTIOQUIA,SAN JUAN DE URABA,05659,66,34,24,76
ANTIOQUIA,SAN LUIS,05660,25,75,34,66
ANTIOQUIA,SAN PEDRO,05664,26,74,39,61
ANTIOQUIA,SAN PEDRO DE URABA,05665,51,49,16,84
ANTIOQUIA,SAN RAFAEL,05667,39,61,33,67
ANTIOQUIA,SAN ROQUE,05670,41,59,31,69
ANTIOQUIA,SAN VICENTE,05674,28,72,37,63
ANTIOQUIA,SANTA BARBARA,05679,36,64,27,73
ANTIOQUIA,SANTAFE DE ANTIOQUIA,05686,38,62,28,72
ANTIOQUIA,SANTO DOMINGO,05690,39,61,32,68
ANTIOQUIA,EL SANTUARIO,05697,27,73,48,52
ANTIOQUIA,SEGOVIA,05736,33,67,18,82
ANTIOQUIA,SONSON,05756,26,74,34,66
ANTIOQUIA,SOPETRAN,05761,45,55,35,65
ANTIOQUIA,TAMESIS,05789,35,65,32,68
ANTIOQUIA,TARAZA,05790,60,40,23,77
ANTIOQUIA,TARSO,05792,42,58,21,79
ANTIOQUIA,TITIRIBI,05809,35,65,25,75
ANTIOQUIA,TOLEDO,05819,61,39,33,67
ANTIOQUIA,TURBO,05837,56,44,25,75
ANTIOQUIA,URAMITA,05842,54,46,29,71
ANTIOQUIA,URRAO,05847,47,53,26,74
ANTIOQUIA,VALDIVIA,05854,50,50,19,81
ANTIOQUIA,VALPARAISO,05856,40,60,27,73
ANTIOQUIA,VEGACHI,05858,28,72,18,82
ANTIOQUIA,VENECIA,05861,38,62,27,73
ANTIOQUIA,VIGIA DEL FUERTE,05873,96,4,42,58
ANTIOQUIA,YALI,05885,39,61,19,81
ANTIOQUIA,YARUMAL,05887,33,67,29,71
ANTIOQUIA,YOLOMBO,05890,40,60,22,78
ANTIOQUIA,YONDO-CASABE,05893,46,54,44,56
ANTIOQUIA,ZARAGOZA,05895,49,51,19,81
ARAUCA,ARAUCA,81001,35,65,35,65
ARAUCA,ARAUQUITA,81065,76,24,37,63
ARAUCA,CRAVO NORTE,81220,40,60,31,69
ARAUCA,FORTUL,81300,69,31,33,67
ARAUCA,PUERTO RONDON,81591,39,61,31,69
ARAUCA,SARAVENA,81736,46,54,32,68
ARAUCA,TAME,81794,51,49,35,65
ATLANTICO,BARRANQUILLA,08001,57,43,25,75
ATLANTICO,BARANOA,08078,72,28,27,73
ATLANTICO,CAMPO DE LA CRUZ,08137,62,38,15,85
ATLANTICO,CANDELARIA,08141,70,30,27,73
ATLANTICO,GALAPA,08296,62,38,24,76
ATLANTICO,JUAN DE ACOSTA,08372,69,31,20,80
ATLANTICO,LURUACO,08421,65,35,15,85
ATLANTICO,MALAMBO,08433,56,44,21,79
ATLANTICO,MANATI,08436,84,16,15,85
ATLANTICO,PALMAR DE VARELA,08520,72,28,22,78
ATLANTICO,PIOJO,08549,74,26,28,72
ATLANTICO,POLONUEVO,08558,81,19,28,72
ATLANTICO,PONEDERA,08560,63,37,22,78
ATLANTICO,PUERTO COLOMBIA,08573,62,38,30,70
ATLANTICO,REPELON,08606,80,20,23,77
ATLANTICO,SABANAGRANDE,08634,64,36,23,77
ATLANTICO,SABANALARGA,08638,73,27,28,72
ATLANTICO,SANTA LUCIA,08675,75,25,20,80
ATLANTICO,SANTO TOMAS,08685,72,28,22,78
ATLANTICO,SOLEDAD,08758,59,41,22,78
ATLANTICO,SUAN,08770,76,24,25,75
ATLANTICO,TUBARA,08832,68,32,30,70
ATLANTICO,USIACURI,08849,77,23,29,71
BOGOTA,URBANO,11001,56,44,46,54
BOLIVAR,CARTAGENA,13001,56,44,20,80
BOLIVAR,ACHI,13006,70,30,40,60
BOLIVAR,ALTOS DEL ROSARIO,13030,57,43,21,79
BOLIVAR,ARENAL,13042,88,12,35,65
BOLIVAR,ARJONA,13052,62,38,19,81
BOLIVAR,ARROYOHONDO,13062,75,25,21,79
BOLIVAR,BARRANCO DE LOBA,13074,53,47,26,74
BOLIVAR,CALAMAR,13140,59,41,21,79
BOLIVAR,CANTAGALLO,13160,72,28,44,56
BOLIVAR,CICUCO,13188,71,29,32,68
BOLIVAR,CORDOBA,13212,78,22,36,64
BOLIVAR,CLEMENCIA,13222,66,34,17,83
BOLIVAR,EL CARMEN DE BOLIVAR,13244,53,47,30,70
BOLIVAR,EL GUAMO,13248,80,20,28,72
BOLIVAR,EL PEÑON,13268,61,39,26,74
BOLIVAR,HATILLO DE LOBA,13300,51,49,27,73
BOLIVAR,MAGANGUE,13430,62,38,29,71
BOLIVAR,MAHATES,13433,70,30,21,79
BOLIVAR,MARGARITA,13440,60,40,26,74
BOLIVAR,MARIA LA BAJA,13442,80,20,24,76
BOLIVAR,MONTECRISTO,13458,81,19,25,75
BOLIVAR,MOMPOS,13468,63,37,24,76
BOLIVAR,MORALES,13473,47,53,39,61
BOLIVAR,NOROSI,13490,85,15,32,68
BOLIVAR,PINILLOS,13549,61,39,31,69
BOLIVAR,REGIDOR,13580,77,23,32,68
BOLIVAR,RIO VIEJO,13600,70,30,37,63
BOLIVAR,SAN CRISTOBAL,13620,87,13,29,71
BOLIVAR,SAN ESTANISLAO,13647,69,31,20,80
BOLIVAR,SAN FERNANDO,13650,82,18,30,70
BOLIVAR,SAN JACINTO,13654,60,40,31,69
BOLIVAR,SAN JACINTO DEL CAUCA,13655,69,31,30,70
BOLIVAR,SAN JUAN DE NEPOMUCENO,13657,61,39,29,71
BOLIVAR,SAN MARTIN DE LOBA,13667,69,31,26,74
BOLIVAR,SAN PABLO,13670,49,51,34,66
BOLIVAR,SANTA CATALINA,13673,76,24,21,79
BOLIVAR,SANTA ROSA,13683,65,35,13,87
BOLIVAR,SANTA ROSA DEL SUR,13688,37,63,38,62
BOLIVAR,SIMITI,13744,50,50,31,69
BOLIVAR,SOPLAVIENTO,13760,85,15,28,72
BOLIVAR,TALAIGUA NUEVO,13780,64,36,33,67
BOLIVAR,TIQUISIO (PTO RICO),13810,55,45,25,75
BOLIVAR,TURBACO,13836,60,40,17,83
BOLIVAR,TURBANA,13838,69,31,18,82
BOLIVAR,VILLANUEVA,13873,61,39,13,87
BOLIVAR,ZAMBRANO,13894,86,14,43,57
BOYACA,TUNJA,15001,57,43,51,49
BOYACA,ALMEIDA,15022,52,48,36,64
BOYACA,AQUITANIA (PUEBLO VIEJO),15047,29,71,35,65
BOYACA,ARCABUCO,15051,47,53,38,62
BOYACA,BELEN,15087,46,54,39,61
BOYACA,BERBEO,15090,68,32,40,60
BOYACA,BETEITIVA,15092,62,38,36,64
BOYACA,BOAVITA,15097,44,56,36,64
BOYACA,BOYACA,15104,58,42,26,74
BOYACA,BRICEÑO,15106,63,37,37,63
BOYACA,BUENAVISTA,15109,44,56,32,68
BOYACA,BUSBANZA,15114,49,51,47,53
BOYACA,CALDAS,15131,59,41,35,65
BOYACA,CAMPOHERMOSO,15135,54,46,39,61
BOYACA,CERINZA,15162,62,38,47,53
BOYACA,CHINAVITA,15172,46,54,30,70
BOYACA,CHIQUINQUIRA,15176,48,52,42,58
BOYACA,CHISCAS,15180,51,49,40,60
BOYACA,CHITA,15183,40,60,37,63
BOYACA,CHITARAQUE,15185,40,60,30,70
BOYACA,CHIVATA,15187,52,48,37,63
BOYACA,CIENAGA,15189,45,55,32,68
BOYACA,COMBITA,15204,59,41,43,57
BOYACA,COPER,15212,60,40,41,59
BOYACA,CORRALES,15215,44,56,43,57
BOYACA,COVARACHIA,15218,39,61,34,66
BOYACA,CUBARA,15223,57,43,27,73
BOYACA,CUCAITA,15224,56,44,40,60
BOYACA,CUITIVA,15226,43,57,35,65
BOYACA,CHIQUIZA,15232,62,38,21,79
BOYACA,CHIVOR,15236,41,59,37,63
BOYACA,DUITAMA,15238,48,52,49,51
BOYACA,EL COCUY,15244,31,69,34,66
BOYACA,EL ESPINO,15248,35,65,43,57
BOYACA,FIRAVITOBA,15272,63,37,37,63
BOYACA,FLORESTA,15276,40,60,44,56
BOYACA,GACHANTIVA,15293,48,52,44,56
BOYACA,GAMEZA,15296,43,57,37,63
BOYACA,GARAGOA,15299,50,50,44,56
BOYACA,GUACAMAYAS,15317,20,80,38,62
BOYACA,GUATEQUE,15322,52,48,38,62
BOYACA,GUAYATA,15325,58,42,40,60
BOYACA,GUICAN,15332,48,52,40,60
BOYACA,IZA,15362,44,56,39,61
BOYACA,JENESANO,15367,64,36,31,69
BOYACA,JERICO,15368,39,61,30,70
BOYACA,LABRANZAGRANDE,15377,46,54,37,63
BOYACA,LA CAPILLA,15380,52,48,42,58
BOYACA,LA UVITA,15401,32,68,37,63
BOYACA,LA VICTORIA,15403,75,25,38,62
BOYACA,VILLA DE LEIVA,15407,52,48,48,52
BOYACA,MACANAL,15425,39,61,34,66
BOYACA,MARIPI,15442,75,25,30,70
BOYACA,MIRAFLORES,15455,65,35,49,51
BOYACA,MONGUA,15464,24,76,42,58
BOYACA,MONGUI,15466,38,62,39,61
BOYACA,MONIQUIRA,15469,52,48,37,63
BOYACA,MOTAVITA,15476,53,47,37,63
BOYACA,MUZO,15480,37,63,34,66
BOYACA,NOBSA,15491,50,50,50,50
BOYACA,NUEVO COLON,15494,64,36,39,61
BOYACA,OICATA,15500,55,45,47,53
BOYACA,OTANCHE,15507,44,56,37,63
BOYACA,PACHAVITA,15511,50,50,39,61
BOYACA,PAEZ,15514,48,52,53,47
BOYACA,PAIPA,15516,56,44,46,54
BOYACA,PAJARITO,15518,37,63,38,62
BOYACA,PANQUEBA,15522,46,54,40,60
BOYACA,PAUNA,15531,65,35,36,64
BOYACA,PAYA,15533,46,54,52,48
BOYACA,PAZ DEL RIO,15537,66,34,40,60
BOYACA,PESCA,15542,40,60,28,72
BOYACA,PISBA,15550,43,57,45,55
BOYACA,PUERTO BOYACA,15572,31,69,41,59
BOYACA,QUIPAMA,15580,37,63,36,64
BOYACA,RAMIRIQUI,15599,54,46,32,68
BOYACA,RAQUIRA,15600,49,51,38,62
BOYACA,RONDON,15621,52,48,41,59
BOYACA,SABOYA,15632,64,36,38,62
BOYACA,SACHICA,15638,53,47,41,59
BOYACA,SAMACA,15646,50,50,36,64
BOYACA,SAN EDUARDO,15660,64,36,49,51
BOYACA,SAN JOSE DE PARE,15664,53,47,35,65
BOYACA,SAN LUIS DE GACENO,15667,36,64,40,60
BOYACA,SAN MATEO,15673,34,66,32,68
BOYACA,SAN MIGUEL DE SEMA,15676,48,52,40,60
BOYACA,SAN PABLO DE BORBUR,15681,32,68,33,67
BOYACA,SANTANA,15686,52,48,32,68
BOYACA,SANTA MARIA,15690,40,60,34,66
BOYACA,SANTA ROSA DE VITERBO,15693,43,57,46,54
BOYACA,SANTA SOFIA,15696,62,38,35,65
BOYACA,SATIVANORTE,15720,51,49,32,68
BOYACA,SATIVASUR,15723,53,47,31,69
BOYACA,SIACHOQUE,15740,35,65,37,63
BOYACA,SOATA,15753,42,58,48,52
BOYACA,SOCOTA,15755,39,61,36,64
BOYACA,SOCHA,15757,50,50,39,61
BOYACA,SOGAMOSO,15759,49,51,47,53
BOYACA,SOMONDOCO,15761,61,39,32,68
BOYACA,SORA,15762,60,40,52,48
BOYACA,SOTAQUIRA,15763,52,48,38,62
BOYACA,SORACA,15764,33,67,43,57
BOYACA,SUSACON,15774,63,37,45,55
BOYACA,SUTAMARCHAN,15776,55,45,40,60
BOYACA,SUTATENZA,15778,48,52,36,64
BOYACA,TASCO,15790,59,41,32,68
BOYACA,TENZA,15798,63,37,47,53
BOYACA,TIBANA,15804,64,36,29,71
BOYACA,TIBASOSA,15806,52,48,43,57
BOYACA,TINJACA,15808,56,44,46,54
BOYACA,TIPACOQUE,15810,52,48,34,66
BOYACA,TOCA,15814,49,51,34,67
BOYACA,TOGUI,15816,56,44,23,77
BOYACA,TOPAGA,15820,41,59,47,53
BOYACA,TOTA,15822,35,65,23,77
BOYACA,TUNUNGUA,15832,72,28,50,50
BOYACA,TURMEQUE,15835,67,33,31,69
BOYACA,TUTA,15837,51,49,43,57
BOYACA,TUTASA,15839,54,46,52,48
BOYACA,UMBITA,15842,44,56,39,61
BOYACA,VENTAQUEMADA,15861,48,52,31,69
BOYACA,VIRACACHA,15879,43,57,32,68
BOYACA,ZETAQUIRA,15897,66,34,36,64
CALDAS,MANIZALES,17001,49,51,48,52
CALDAS,AGUADAS,17013,29,71,37,63
CALDAS,ANSERMA,17042,31,69,40,60
CALDAS,ARANZAZU,17050,40,60,36,64
CALDAS,BELALCAZAR,17088,42,58,38,62
CALDAS,CHINCHINA,17174,37,63,39,61
CALDAS,FILADELFIA,17272,43,57,35,65
CALDAS,LA DORADA,17380,34,66,37,63
CALDAS,LA MERCED,17388,44,56,37,63
CALDAS,MANZANARES,17433,36,64,33,67
CALDAS,MARMATO,17442,31,69,25,75
CALDAS,MARQUETALIA,17444,37,63,36,64
CALDAS,MARULANDA,17446,50,50,31,69
CALDAS,NEIRA,17486,35,65,35,65
CALDAS,NORCASIA,17495,43,57,37,63
CALDAS,PACORA,17513,36,64,37,63
CALDAS,PALESTINA,17524,43,57,30,70
CALDAS,PENSILVANIA,17541,32,68,37,63
CALDAS,RIOSUCIO,17614,42,58,40,60
CALDAS,RISARALDA,17616,32,68,28,72
CALDAS,SALAMINA,17653,41,59,34,66
CALDAS,SAMANA,17662,44,56,41,59
CALDAS,SAN JOSE,17665,43,57,30,70
CALDAS,SUPIA,17777,33,67,37,63
CALDAS,VICTORIA,17867,42,58,37,63
CALDAS,VILLAMARIA,17873,43,57,47,53
CALDAS,VITERBO,17877,27,73,41,59
CAQUETA,FLORENCIA,18001,39,61,34,66
CAQUETA,ALBANIA,18029,35,65,36,64
CAQUETA,BELEN DE LOS ANDAQUIES,18094,40,60,34,66
CAQUETA,CARTAGENA DEL CHAIRA,18150,74,26,26,74
CAQUETA,CURILLO,18205,41,59,25,75
CAQUETA,EL DONCELLO,18247,39,61,27,73
CAQUETA,EL PAUJIL,18256,45,55,23,77
CAQUETA,LA MONTAÑITA,18410,74,26,30,70
CAQUETA,MILAN,18460,56,44,20,80
CAQUETA,MORELIA,18479,35,65,32,68
CAQUETA,PUERTO RICO,18592,50,50,29,71
CAQUETA,SAN JOSE DEL FRAGUA,18610,40,60,33,67
CAQUETA,SAN VICENTE DEL CAGUAN,18753,63,37,31,69
CAQUETA,SOLANO,18756,77,23,26,74
CAQUETA,SOLITA,18785,38,62,23,77
CAQUETA,VALPARAISO,18860,47,53,26,74
CASANARE,YOPAL,85001,29,71,51,49
CASANARE,AGUAZUL,85010,30,70,54,46
CASANARE,CHAMEZA,85015,71,29,62,38
CASANARE,HATO COROZAL,85125,22,78,40,60
CASANARE,LA SALINA,85136,88,12,60,40
CASANARE,MANI,85139,31,69,48,52
CASANARE,MONTERREY,85162,29,71,52,48
CASANARE,NUNCHIA,85225,20,80,49,51
CASANARE,OROCUE,85230,40,60,40,60
CASANARE,PAZ DE ARIPORO (MORENO),85250,23,77,43,57
CASANARE,PORE,85263,20,80,52,48
CASANARE,RECETOR,85279,52,48,56,44
CASANARE,SABANALARGA,85300,51,49,50,50
CASANARE,SACAMA,85315,85,15,49,51
CASANARE,SAN LUIS DE PALENQUE,85325,22,78,44,56
CASANARE,TAMARA,85400,28,72,45,55
CASANARE,TAURAMENA,85410,27,73,54,46
CASANARE,TRINIDAD,85430,20,80,42,58
CASANARE,VILLANUEVA,85440,30,70,42,58
CAUCA,POPAYAN,19001,59,41,42,58
CAUCA,ALMAGUER,19022,83,17,30,70
CAUCA,ARGELIA,19050,89,11,38,62
CAUCA,BALBOA,19075,86,14,34,66
CAUCA,BOLIVAR,19100,65,35,27,73
CAUCA,BUENOS AIRES,19110,72,28,43,57
CAUCA,CAJIBIO,19130,71,29,31,69
CAUCA,CALDONO,19137,80,20,43,57
CAUCA,CALOTO,19142,73,27,47,53
CAUCA,CORINTO,19212,69,31,49,51
CAUCA,EL TAMBO,19256,59,41,35,65
CAUCA,FLORENCIA,19290,75,25,47,53
CAUCA,GUACHENE,19300,71,29,50,50
CAUCA,GUAPI,19318,93,7,32,68
CAUCA,INZA,19355,74,26,28,72
CAUCA,JAMBALO,19364,86,14,49,51
CAUCA,LA SIERRA,19392,61,39,33,67
CAUCA,LA VEGA,19397,77,23,35,65
CAUCA,LOPEZ (MICAY),19418,94,6,35,65
CAUCA,MERCADERES,19450,77,23,31,69
CAUCA,MIRANDA,19455,64,36,51,49
CAUCA,MORALES,19473,61,39,35,65
CAUCA,PADILLA,19513,75,25,47,53
CAUCA,PAEZ (BELALCAZAR),19517,72,28,35,65
CAUCA,PATIA (EL BORDO),19532,72,28,32,68
CAUCA,PIAMONTE,19533,67,33,31,69
CAUCA,PIENDAMO,19548,53,47,35,65
CAUCA,PUERTO TEJADA,19573,67,33,41,59
CAUCA,PURACE (COCONUCO),19585,64,36,28,73
CAUCA,ROSAS,19622,60,40,37,63
CAUCA,SAN SEBASTIAN,19693,79,21,38,63
CAUCA,SANTANDER DE QUILICHAO,19698,58,42,40,60
CAUCA,SANTA ROSA,19701,65,35,31,69
CAUCA,SILVIA,19743,76,24,36,64
CAUCA,SOTARA (PAISPAMBA),19760,68,32,43,57
CAUCA,SUCRE,19780,82,18,33,67
CAUCA,SUAREZ,19785,67,33,39,61
CAUCA,TIMBIO,19807,55,45,38,62
CAUCA,TIMBIQUI,19809,94,6,44,56
CAUCA,TORIBIO,19821,85,15,49,51
CAUCA,TOTORO,19824,75,25,33,67
CAUCA,VILLA RICA,19845,70,30,44,56
CESAR,VALLEDUPAR,20001,52,48,31,69
CESAR,AGUACHICA,20011,31,69,41,59
CESAR,AGUSTIN CODAZZI,20013,48,52,29,71
CESAR,ASTREA,20032,53,47,27,73
CESAR,BECERRIL,20045,61,39,32,68
CESAR,BOSCONIA,20060,58,42,33,67
CESAR,CHIMICHAGUA,20175,54,46,27,73
CESAR,CHIRIGUANA,20178,59,41,32,68
CESAR,CURUMANI,20228,59,41,30,70
CESAR,EL COPEY,20238,65,35,27,73
CESAR,EL PASO,20250,64,36,33,67
CESAR,GAMARRA,20295,33,52,34,66
CESAR,GONZALEZ,20310,52,48,32,68
CESAR,LA GLORIA,20383,51,49,36,64
CESAR,LA JAGUA DE IBIRICO,20400,54,46,39,61
CESAR,MANAURE BALCON DEL CESAR,20443,61,39,44,56
CESAR,PAILITAS,20517,60,40,35,65
CESAR,PELAYA,20550,48,52,36,64
CESAR,PUEBLO BELLO,20570,68,32,15,85
CESAR,RIO DE ORO,20614,37,63,32,68
CESAR,LA PAZ,20621,58,42,33,67
CESAR,SAN ALBERTO,20710,38,62,37,63
CESAR,SAN DIEGO,20750,61,39,36,64
CESAR,SAN MARTIN,20770,35,65,40,60
CESAR,TAMALAMEQUE,20787,68,32,28,72
CHOCO,QUIBDO,27001,74,26,35,65
CHOCO,ACANDI,27006,76,24,25,75
CHOCO,ALTO BAUDO (PIE DE PATO),27025,93,7,34,66
CHOCO,ATRATO (YUTO),27050,80,20,33,67
CHOCO,BAGADO,27073,92,8,30,70
CHOCO,BAHIA SOLANO,27075,83,17,31,69
CHOCO,BAJO BAUDO,27077,92,8,30,70
CHOCO,BELEN DE BAJIRA,27086,,,,100
CHOCO,BOJAYA (BELLAVISTA),27099,95.78,4.21,30.37,69.63
CHOCO,EL CANTON DE SAN PABLO,27135,74.89,25.10,28.49,71.51
CHOCO,CARMEN DEL DARIEN,27150,95.69,4.30,24.70,75.3
CHOCO,CERTEGUI,27160,76.41,23.58,41.59,58.41
CHOCO,CONDOTO,27205,72.68,27.31,31.76,68.24
CHOCO,EL CARMEN,27245,56.38,43.61,32.15,67.85
CHOCO,EL LITORAL DEL SAN JUAN,27250,94.89,5.10,38.73,61.27
CHOCO,ITSMINA,27361,70.38,29.61,27.73,72.27
CHOCO,JURADO,27372,80.11,19.88,24.40,75.6
CHOCO,LLORO,27413,83.02,16.97,35.05,64.95
CHOCO,MEDIO ATRATO,27425,95.84,4.15,39.76,60.24
CHOCO,MEDIO BAUDO,27430,93.19,6.80,36.48,63.52
CHOCO,MEDIO SAN JUAN,27450,86.25,13.74,41.21,58.79
CHOCO,NOVITA,27491,74.12,25.87,33.23,66.77
CHOCO,NUQUI,27495,93.21,6.78,28.50,71.5
CHOCO,RIO IRÓ,27580,91.15,8.84,34.90,65.1
CHOCO,RIO QUITO,27600,77.27,22.72,42.18,57.82
CHOCO,RIOSUCIO,27615,90.93,9.06,28.68,71.32
CHOCO,SAN JOSE DEL PALMAR,27660,70.15,29.84,26.48,73.52
CHOCO,SIPI,27745,87.53,12.46,30.36,69.64
CHOCO,TADO,27787,69.56,30.43,33.50,66.5
CHOCO,UNGUIA,27800,65.95,34.04,26.40,73.6
CHOCO,UNION PANAMERICANA,27810,78.65,21.34,36.70,63.3
CORDOBA,MONTERIA,23001,48.02,51.97,30.79,69.21
CORDOBA,AYAPEL,23068,59.17,40.82,22.41,77.59
CORDOBA,BUENAVISTA,23079,72.42,27.57,32.39,67.61
CORDOBA,CANALETE,23090,77.26,22.73,21.54,78.46
CORDOBA,CERETE,23162,51.23,48.76,32.71,67.29
CORDOBA,CHIMA,23168,72.13,27.86,31.13,68.87
CORDOBA,CHINU,23182,50.34,49.65,37.25,62.75
CORDOBA,CIENAGA DE ORO,23189,63.01,36.98,36.14,63.86
CORDOBA,COTORRA,23300,65.52,34.47,29.39,70.61
CORDOBA,LA APARTADA (FRONTERA),23350,67.58,32.41,31.29,68.71
CORDOBA,LORICA,23417,67.67,32.32,31.20,68.8
CORDOBA,LOS CORDOBAS,23419,77.75,22.24,35.28,64.72
CORDOBA,MOMIL,23464,67.86,32.13,32.63,67.37
CORDOBA,MONTELIBANO,23466,58.17,41.82,34.11,65.89
CORDOBA,MOÑITOS,23500,79.51,20.48,30.00,70.00
CORDOBA,PLANETA RICA,23555,58.15,41.84,28.69,71.31
CORDOBA,PUEBLO NUEVO,23570,66.78,33.21,31.98,68.02
CORDOBA,PUERTO ESCONDIDO,23574,77.36,22.63,30.42,69.58
CORDOBA,PUERTO LIBERTADOR,23580,75.92,24.07,40.26,59.74
CORDOBA,PURISIMA,23586,52.58,47.41,29.09,70.91
CORDOBA,SAHAGUN,23660,62.82,37.17,34.33,65.67
CORDOBA,SAN ANDRES DE SOTAVENTO,23670,72.98,27.01,38.87,61.13
CORDOBA,SAN ANTERO,23672,62.55,37.44,34.22,65.78
CORDOBA,SAN BERNARDO DEL VIENTO,23675,80.17,19.82,27.89,72.11
CORDOBA,SAN CARLOS,23678,58.72,41.27,18.88,81.12
CORDOBA,SAN JOSE DE URE,23682,80.98,19.01,38.97,61.03
CORDOBA,SAN PELAYO,23686,67.15,32.84,31.62,68.38
CORDOBA,TIERRALTA,23807,69.76,30.23,30.66,69.34
CORDOBA,TUCHIN,23815,68.12,31.87,38.6,61.4
CORDOBA,VALENCIA,23855,68.68,68.68,27.27,72.73
CUNDINAMARCA,AGUA DE DIOS,25001,44.86,55.13,40.06,59.94
CUNDINAMARCA,ALBAN,25019,38.95,61.04,35.90,64.1
CUNDINAMARCA,ANAPOIMA,25035,44.88,55.11,40.36,59.64
CUNDINAMARCA,ANOLAIMA,25040,40.82,59.17,37.75,62.25
CUNDINAMARCA,ARBELAEZ,25053,38.90,61.09,44.23,55.77
CUNDINAMARCA,BELTRAN,25086,49.69,50.30,33.26,66.74
CUNDINAMARCA,BITUIMA,25095,53.41,46.58,30.85,69.15
CUNDINAMARCA,BOJACA,25099,39.82,60.17,54.43,45.57
CUNDINAMARCA,CABRERA,25120,74.12,25.87,41.50,58.5
CUNDINAMARCA,CACHIPAY,25123,48.98,51.01,40.06,59.94
CUNDINAMARCA,CAJICA,25126,45.67,54.32,52.37,47.63
CUNDINAMARCA,CAPARRAPI,25148,36.04,63.95,33.22,66.78
CUNDINAMARCA,CAQUEZA,25151,37.09,62.90,38.53,61.47
CUNDINAMARCA,CARMEN DE CARUPA,25154,37.73,62.26,34.32,65.68
CUNDINAMARCA,CHAGUANI,25168,50.65,49.34,41.02,58.98
CUNDINAMARCA,CHIA,25175,50,49.99,52.85,47.15
CUNDINAMARCA,CHIPAQUE,25178,31,68.99,39.38,60.62
CUNDINAMARCA,CHOACHI,25181,34.08,65.91,41.87,58.13
CUNDINAMARCA,CHOCONTA,25183,36.32,63.67,40.3,59.7
CUNDINAMARCA,COGUA,25200,40.54,59.45,52.34,47.66
CUNDINAMARCA,COTA,25214,45.97,54.02,43.90,56.1
CUNDINAMARCA,CUCUNUBA,25224,34.68,65.31,45.9,54.1
CUNDINAMARCA,EL COLEGIO,25245,44.72,55.27,37.89,62.11
CUNDINAMARCA,EL PEÑON,25258,39.17,60.82,31.62,68.38
CUNDINAMARCA,EL ROSAL,25260,32.2,67.79,57.52,42.48
CUNDINAMARCA,FACATATIVA,25269,41.11,58.88,53.94,46.06
CUNDINAMARCA,FOMEQUE,25279,28.84,71.15,42.02,57.98
CUNDINAMARCA,FOSCA,25281,21.86,78.13,36.87,63.13
CUNDINAMARCA,FUNZA,25286,43.87,56.12,51.27,48.73
CUNDINAMARCA,FUQUENE,25288,48.28,51.71,42.06,57.94
CUNDINAMARCA,FUSAGASUGA,25290,43.40,56.59,43.26,56.74
CUNDINAMARCA,GACHALA,25293,48.13,51.86,30.45,69.55
CUNDINAMARCA,GACHANCIPA,25295,37.89,62.1,51.66,48.34
CUNDINAMARCA,GACHETA,25297,34.44,65.55,34.64,65.36
CUNDINAMARCA,GAMA,25299,46.99,53,38.38,61.62
CUNDINAMARCA,GIRARDOT,25307,36.87,63.12,41.03,58.97
CUNDINAMARCA,GRANADA,25312,46.6,53.39,40.33,59.67
CUNDINAMARCA,GUACHETA,25317,41.55,58.44,41.52,58.48
CUNDINAMARCA,GUADUAS,25320,41.1,58.89,38.31,61.69
CUNDINAMARCA,GUASCA,25322,35.41,64.58,43.66,56.34
CUNDINAMARCA,GUATAQUI,25324,56.69,43.3,33.19,66.81
CUNDINAMARCA,GUATAVITA,25326,38.8,61.19,43.19,56.81
CUNDINAMARCA,GUAYABAL DE SIQUIMA,25328,49.34,50.65,43.17,56.83
CUNDINAMARCA,GUAYABETAL,25335,25.86,74.13,45.39,54.61
CUNDINAMARCA,GUTIERREZ,25339,36.61,63.38,49.9,50.1
CUNDINAMARCA,JERUSALEN,25368,54.79,45.2,32.88,67.12
CUNDINAMARCA,JUNIN,25372,40.41,59.58,32.02,67.98
CUNDINAMARCA,LA CALERA,25377,53.37,46.62,45.74,54.26
CUNDINAMARCA,LA MESA,25386,50.37,49.62,37.52,62.48
CUNDINAMARCA,LA PALMA,25394,61.17,38.82,33.84,66.16
CUNDINAMARCA,LA PEÑA,25398,25.54,74.45,37.14,62.86
CUNDINAMARCA,LA VEGA,25402,45.68,54.31,44.31,55.69
CUNDINAMARCA,LENGUAZAQUE,25407,39.75,60.24,37.84,62.16
CUNDINAMARCA,MACHETA,25426,43.05,56.94,29.87,70.13
CUNDINAMARCA,MADRID,25430,37.75,62.24,52.27,47.73
CUNDINAMARCA,MANTA,25436,50.23,49.76,42.31,57.69
CUNDINAMARCA,MEDINA,25438,35.43,64.56,44.8,55.2
CUNDINAMARCA,MOSQUERA,25473,44.12,55.87,52.06,47.94
CUNDINAMARCA,NARIÑO,25483,47.63,52.36,29.5,70.5
CUNDINAMARCA,NEMOCON,25486,36.75,63.24,50.06,49.94
CUNDINAMARCA,NILO,25488,55.79,44.2,40.45,59.55
CUNDINAMARCA,NIMAIMA,25489,41.86,58.13,42.05,57.95
CUNDINAMARCA,NOCAIMA,25491,58.55,41.44,42.38,57.62
CUNDINAMARCA,VENECIA,25506,56.89,43.1,34.05,65.95
CUNDINAMARCA,PACHO,25513,48.48,51.51,38.55,61.45
CUNDINAMARCA,PAIME,25518,52.53,47.46,32.84,67.16
CUNDINAMARCA,PANDI,25524,53.73,46.26,34.23,65.77
CUNDINAMARCA,PARATEBUENO (LA NAGUAYA),25530,41.22,58.77,44.14,55.86
CUNDINAMARCA,PASCA,25535,57.12,42.87,37.17,62.83
CUNDINAMARCA,PUERTO SALGAR,25572,33.25,66.74,33.98,66.02
CUNDINAMARCA,PULI,25580,48.39,51.6,32.84,67.16
CUNDINAMARCA,QUEBRADANEGRA,25592,29.68,70.31,41.31,58.69
CUNDINAMARCA,QUETAME,25594,32.32,67.67,43.49,56.51
CUNDINAMARCA,QUIPILE,25596,36.39,63.6,34.14,65.86
CUNDINAMARCA,APULO,25599,50.15,49.84,39.40,60.6
CUNDINAMARCA,RICAURTE,25612,44.84,55.15,36.29,63.71
CUNDINAMARCA,SAN ANTONIO DE TEQUENDAMA,25645,51.46,48.53,38.9,61.1
CUNDINAMARCA,SAN BERNARDO,25649,47.71,52.28,35.43,64.57
CUNDINAMARCA,SAN CAYETANO,25653,48.5,51.49,31.58,68.42
CUNDINAMARCA,SAN FRANCISCO,25658,35.98,64.01,39.58,60.42
CUNDINAMARCA,SAN JUAN DE RIOSECO,25662,45.11,54.88,38.45,61.55
CUNDINAMARCA,SASAIMA,25718,34.8,65.19,38.63,61.37
CUNDINAMARCA,SESQUILE,25736,39.63,60.36,49.97,50.03
CUNDINAMARCA,SIBATE,25740,39.9,60.09,43.96,56.04
CUNDINAMARCA,SILVANIA,25743,47.81,52.18,39.15,60.85
CUNDINAMARCA,SIMIJACA,25745,35.98,64.01,39.11,60.89
CUNDINAMARCA,SOACHA,25754,47.58,52.41,45.09,54.91
CUNDINAMARCA,SOPO,25758,50.43,49.56,56.75,43.25
CUNDINAMARCA,SUBACHOQUE,25769,31.11,68.88,53.78,46.22
CUNDINAMARCA,SUESCA,25772,42.74,57.25,48.69,51.31
CUNDINAMARCA,SUPATA,25777,37.86,62.13,37.67,62.33
CUNDINAMARCA,SUSA,25779,52.47,47.52,41.04,58.96
CUNDINAMARCA,SUTATAUSA,25781,36.11,63.88,43.11,56.89
CUNDINAMARCA,TABIO,25785,44.92,55.07,50.38,49.62
CUNDINAMARCA,TAUSA,25793,28.09,71.9,47.29,52.71
CUNDINAMARCA,TENA,25797,54.63,45.36,37.24,62.76
CUNDINAMARCA,TENJO,25799,42.25,57.74,49.78,50.22
CUNDINAMARCA,TIBACUY,25805,53.32,46.67,40.69,59.31
CUNDINAMARCA,TIBIRITA,25807,65.13,34.86,35.25,64.75
CUNDINAMARCA,TOCAIMA,25815,51.1,48.89,36.29,63.71
CUNDINAMARCA,TOCANCIPA,25817,41.99,58,49.91,50.09
CUNDINAMARCA,TOPAIPI,25823,55.7,44.29,38.07,61.93
CUNDINAMARCA,UBALA,25839,41.25,58.74,32.16,67.84
CUNDINAMARCA,UBAQUE,25841,43.32,56.67,38.55,61.45
CUNDINAMARCA,VILLA DE SAN DIEGO DE UBATE,25843,38.13,61.86,42.99,57.01
CUNDINAMARCA,UNE,25845,44.65,55.34,46.83,53.17
CUNDINAMARCA,UTICA,25851,34.22,65.77,39.08,60.92
CUNDINAMARCA,VERGARA,25862,51.41,48.58,31.54,68.46
CUNDINAMARCA,VIANI,25867,51.89,48.1,37.26,62.74
CUNDINAMARCA,VILLA GOMEZ,25871,34.55,65.44,31.69,68.31
CUNDINAMARCA,VILLAPINZON,25873,29.14,70.85,45.54,54.46
CUNDINAMARCA,VILLETA,25875,35.13,64.86,41.84,58.16
CUNDINAMARCA,VIOTA,25878,48.62,51.37,38.54,61.46
CUNDINAMARCA,YACOPI,25885,43.04,56.95,28.16,71.84
CUNDINAMARCA,ZIPACON,25898,47.31,52.68,50.5,49.5
CUNDINAMARCA,ZIPAQUIRA,25899,48.41,51.58,52.25,47.75
GUAINIA,INIRIDA,94001,52.22,47.77,26.24,73.76
GUAINIA,BARRANCO MINAS,94343,81.64,18.35,18.73,81.27
GUAINIA,MAPIRIPANA,94663,91.83,8.16,8.46,91.54
GUAINIA,SAN FELIPE,94883,59.02,40.97,18.44,81.56
GUAINIA,PUERTO COLOMBIA,94884,57.14,42.85,8.78,91.22
GUAINIA,LA GUADALUPE,94885,0,0,0,100
GUAINIA,CACAHUAL,94886,70.83,29.16,7.39,92.61
GUAINIA,PANA PANA,94887,71.6,28.39,49.39,50.61
GUAINIA,MORICHAL,94888,100,0,24.02,75.98
GUAVIARE,SAN JOSE DEL GUAVIARE,95001,47.35,52.64,41.94,58.06
GUAVIARE,CALAMAR,95015,72.17,27.87,28.03,71.97
GUAVIARE,EL RETORNO,95025,59.22,40.77,39.09,60.91
GUAVIARE,MIRAFLORES,95200,85.65,14.34,24.02,75.98
HUILA,NEIVA,41001,45.55,54.44,42.78,57.22
HUILA,ACEVEDO,41006,23.51,76.48,33.7,66.3
HUILA,AGRADO,41013,32.12,67.87,40.84,59.16
HUILA,AIPE,41016,46.06,53.93,36.99,63.01
HUILA,ALGECIRAS,41020,54.48,45.51,36.5,63.5
HUILA,ALTAMIRA,41026,43.9,56.1,33.96,66.04
HUILA,BARAYA,41078,53.29,46.7,38.55,61.45
HUILA,CAMPOALEGRE,41132,38.32,61.67,41.18,58.82
HUILA,COLOMBIA,41206,39.94,60.05,36.16,63.84
HUILA,ELIAS,41244,48.6,51.39,42.75,57.25
HUILA,GARZON,41298,34.43,65.56,36.6,63.4
HUILA,GIGANTE,41306,38.49,61.5,38.55,61.45
HUILA,GUADALUPE,41319,29.82,70.17,36.97,63.03
HUILA,HOBO,41349,44.56,55.43,41.51,58.49
HUILA,IQUIRA,41357,39.12,60.87,42.27,57.73
HUILA,ISNOS,41359,27.33,72.66,42.48,57.52
HUILA,LA ARGENTINA (PLATA VIEJA),41378,44.6,55.39,30.12,69.88
HUILA,LA PLATA,41396,32.74,67.25,34.58,65.42
HUILA,NATAGA,41483,34.95,65.04,39.35,60.65
HUILA,OPORAPA,41503,27.38,72.61,43.06,56.94
HUILA,PAICOL,41518,28.41,71.58,45.9,54.1
HUILA,PALERMO,41524,37.6,62.39,38.13,61.87
HUILA,PALESTINA,41530,37.92,62.07,36.66,63.34
HUILA,PITAL,41548,28.37,71.62,40.09,59.91
HUILA,PITALITO,41551,34.77,65.22,34.8,65.2
HUILA,RIVERA,41615,45.86,54.13,40.09,59.91
HUILA,SALADOBLANCO,41660,42.31,57.68,39.91,60.09
HUILA,SAN AGUSTIN,41668,32.65,67.34,36.96,63.04
HUILA,SANTA MARIA,41676,28.83,71.16,42.04,57.96
HUILA,SUAZA,41770,31.99,68,27.76,72.24
HUILA,TARQUI,41791,32.12,67.87,39.43,60.57
HUILA,TESALIA (CARNICERIAS),41797,23.54,76.45,43.54,56.46
HUILA,TELLO,41799,47.25,52.74,38.27,61.73
HUILA,TERUEL,41801,29.08,70.91,39.87,60.13
HUILA,TIMANA,41807,24.37,75.62,40.06,59.94
HUILA,VILLAVIEJA,41872,57.67,42.32,40.34,59.66
HUILA,YAGUARA,41885,38.68,61.31,44.19,55.81
LA GUAJIRA,RIOACHA,44001,63.57,36.42,25.34,74.66
LA GUAJIRA,ALBANIA,44035,58.5,41.49,24.88,75.12
LA GUAJIRA,BARRANCAS,44078,71.63,28.36,26.98,73.02
LA GUAJIRA,DIBULLA,44090,71.63,28.36,23.02,76.98
LA GUAJIRA,DISTRACCION,44098,64.01,35.98,30.59,69.41
LA GUAJIRA,EL MOLINO,44110,66.29,33.7,37.1,62.9
LA GUAJIRA,FONSECA,44279,72.21,27.78,34.85,65.15
LA GUAJIRA,HATONUEVO,44378,68.57,31.42,30.21,69.79
LA GUAJIRA,LA JAGUA DEL PILAR,44420,72.9,27.09,31.15,68.85
LA GUAJIRA,MAICAO,44430,52.95,47.04,17.26,82.74
LA GUAJIRA,MANAURE,44560,55.49,44.5,6.2,93.8
LA GUAJIRA,SAN JUAN DEL CESAR,44650,48.9,51.09,30.04,69.96
LA GUAJIRA,URIBIA,44847,50.81,49.18,3.38,96.62
LA GUAJIRA,URUMITA,44855,64.15,35.84,40.32,59.68
LA GUAJIRA,VILLANUEVA,44874,59,40.99,33.3,66.7
MAGDALENA,SANTA MARTA,47001,53.56,46.43,29.16,70.84
MAGDALENA,ALGARROBO,47030,76.55,23.44,21.66,78.34
MAGDALENA,ARACATACA,47053,63.41,36.58,5.83,94.17
MAGDALENA,ARIGUANI (EL DIFICIL),47058,61.64,38.35,25.93,74.07
MAGDALENA,CERRO DE SAN ANTONIO,47161,90.66,9.33,29.1,70.9
MAGDALENA,CHIVOLO,47170,79.52,20.47,27.6,72.4
MAGDALENA,CIENAGA,47189,49.88,50.11,21.81,78.19
MAGDALENA,CONCORDIA,47205,86.84,13.15,24.82,75.18
MAGDALENA,EL BANCO,47245,56.07,43.92,27.1,72.9
MAGDALENA,EL PIÑON,47258,82.57,17.42,23.4,76.6
MAGDALENA,EL RETEN,47268,70.71,29.28,22.76,77.24
MAGDALENA,FUNDACION,47288,51.68,48.31,17.69,82.31
MAGDALENA,GUAMAL,47318,64.52,35.47,21.28,78.72
MAGDALENA,NUEVA GRANADA,47460,59.49,40.5,21.09,78.91
MAGDALENA,PEDRAZA,47541,70.82,29.17,21.57,78.43
MAGDALENA,PIJIÑO DEL CARMEN,47545,63.31,36.68,32.06,67.94
MAGDALENA,PIVIJAY,47551,87.12,12.87,26.03,73.97
MAGDALENA,PLATO,47555,65.64,34.35,25,75
MAGDALENA,PUEBLOVIEJO,47570,50.47,49.52,19.83,80.17
MAGDALENA,REMOLINO,47605,10.43,89.56,27.61,72.39
MAGDALENA,SABANAS DE SAN ANGEL,47660,59.95,40.04,17.99,82.01
MAGDALENA,SALAMINA,47675,56.98,43.01,17.61,82.39
MAGDALENA,SAN SEBASTIAN DE BUENAVISTA,47692,77.73,22.26,32.19,67.81
MAGDALENA,SAN ZENON,47703,82.21,17.78,35.61,64.39
MAGDALENA,SANTA ANA,47707,54.6,45.39,28.08,71.92
MAGDALENA,SANTA BARBARA DE PINTO,47720,81.93,18.06,27.02,72.98
MAGDALENA,SITIONUEVO,47745,68.33,31.66,14.15,85.85
MAGDALENA,TENERIFE,47798,84.93,15.06,30.21,69.79
MAGDALENA,ZAPAYÁN,47960,81.25,18.75,34.21,65.79
MAGDALENA,ZONA BANANERA,47980,64.53,35.46,8.43,91.57
META,VILLAVICENCIO,50001,35.96,64.03,46.49,53.51
META,ACACIAS,50006,27.05,72.94,54.01,45.99
META,BARRANCA DE UPIA,50110,35.7,64.29,41.1,58.9
META,CABUYARO,50124,37.78,62.21,42.52,57.48
META,CASTILLA LA NUEVA,50150,28.55,71.44,59.57,40.43
META,CUBARRAL,50223,30.29,69.7,41.45,58.55
META,CUMARAL,50226,32.5,67.49,49.7,50.3
META,EL CALVARIO,50245,53.31,46.68,40.18,59.82
META,EL CASTILLO,50251,61.7,38.29,38.81,61.19
META,EL DORADO,50270,42.31,57.68,49.06,50.94
META,FUENTE DE ORO,50287,41.95,58.04,40.4,59.6
META,GRANADA (BOCA DE MONTE),50313,36.07,63.92,41.05,58.95
META,GUAMAL,50318,24.39,75.6,52.73,47.27
META,MAPIRIPAN,50325,57.98,42.01,23.11,76.89
META,MESETAS,50330,62.07,37.92,40.14,59.86
META,LA MACARENA,50350,73.66,26.33,39.34,60.66
META,URIBE,50370,93.56,6.43,46.86,53.14
META,LEJANIAS,50400,44.03,55.96,38.64,61.36
META,PUERTO CONCORDIA,50450,55.15,44.84,37.74,62.26
META,PUERTO GAITAN,50568,33.28,66.71,39.54,60.46
META,PUERTO LOPEZ,50573,27.92,72.07,40.96,59.04
META,PUERTO LLERAS,50577,44.35,55.64,36.49,63.51
META,PUERTO RICO,50590,48.16,51.83,38.93,61.07
META,RESTREPO,50606,40.92,59.07,40.87,59.13
META,SAN CARLOS DE GUAROA,50680,32.99,67,47.06,52.94
META,SAN JUAN DE ARAMA,50683,47.79,52.2,38.21,61.79
META,SAN JUANITO,50686,54.02,45.97,46.39,53.61
META,SAN MARTIN,50689,27.87,72.12,44.83,55.17
META,VISTA HERMOSA,50711,52.88,47.11,42.27,57.73
NARIÑO,PASTO,52001,62.62,37.37,40.86,59.14
NARIÑO,ALBAN (SAN JOSE),52019,43.58,56.41,46.34,53.66
NARIÑO,ALDANA,52022,50.58,49.41,46.14,53.86
NARIÑO,ANCUYA,52036,72.73,27.26,32.9,67.1
NARIÑO,ARBOLEDA (BERRUECOS),52051,48.28,51.71,44.02,55.98
NARIÑO,BARBACOAS,52079,74.82,25.17,20.9,79.1
NARIÑO,BELEN,52083,60.28,39.71,45.4,54.6
NARIÑO,BUESACO,52110,50.05,49.94,35.61,64.39
NARIÑO,COLON (GENOVA),52203,60.33,39.66,42.4,57.6
NARIÑO,CONSACA,52207,57.86,42.13,41.67,58.33
NARIÑO,CONTADERO,52210,53.42,46.57,35.84,64.16
NARIÑO,CORDOBA,52215,62.16,37.83,35.27,64.73
NARIÑO,CUASPUD (CARLOSAMA),52224,47.39,52.6,37.75,62.25
NARIÑO,CUMBAL,52227,63.73,36.26,37.82,62.18
NARIÑO,CUMBITARA,52233,87.63,12.36,39.69,60.31
NARIÑO,CHACHAGUI,52240,62.48,37.51,40.97,59.03
NARIÑO,EL CHARCO,52250,90.81,9.18,33.15,66.85
NARIÑO,EL PEÑOL,52254,80.66,19.33,55.19,44.81
NARIÑO,EL ROSARIO,52256,90.78,9.21,39.75,60.25
NARIÑO,EL TABLON,52258,65.68,34.31,43.73,56.27
NARIÑO,EL TAMBO,52260,70.7,29.29,46.61,53.39
NARIÑO,FUNES,52287,68.12,31.87,42.9,57.1
NARIÑO,GUACHUCAL,52317,56.43,43.56,32.56,67.44
NARIÑO,GUAITARILLA,52320,73.81,26.18,29.16,70.84
NARIÑO,GUALMATAN,52323,60.1,39.89,46.93,53.07
NARIÑO,ILES,52352,62.52,37.47,34.33,65.67
NARIÑO,IMUES,52354,55.89,44.1,33.71,66.29
NARIÑO,IPIALES,52356,50.03,49.96,35.59,64.41
NARIÑO,LA CRUZ,52378,51.76,48.23,41.92,58.08
NARIÑO,LA FLORIDA,52381,72.99,27,36.05,63.95
NARIÑO,LA LLANADA,52385,71.34,28.65,44.13,55.87
NARIÑO,LA TOLA,52390,87.96,12.03,39.53,60.47
NARIÑO,LA UNION,52399,42.97,57.02,35.92,64.08
NARIÑO,LEIVA,52405,90.38,9.61,40.98,59.02
NARIÑO,LINARES,52411,87.08,12.91,42.8,57.2
NARIÑO,LOS ANDES (SOTOMAYOR),52418,77.04,22.95,45.97,54.03
NARIÑO,MAGUI (PAYAN),52427,93.13,6.86,37.67,62.33
NARIÑO,MALLAMA (PIEDRANCHA),52435,63.09,36.9,31.7,68.3
NARIÑO,MOSQUERA,52473,89.81,10.18,37.88,62.12
NARIÑO,NARIÑO,52480,60.35,39.64,40.6,59.4
NARIÑO,OLAYA HERRERA (BOCA DE SATINGA),52490,82.14,17.85,24.12,75.88
NARIÑO,OSPINA,52506,63.36,36.63,31.81,68.19
NARIÑO,FRANCISCO PIZARRO (SALAHONDA),52520,84.35,15.64,25.69,74.31
NARIÑO,POLICARPA,52540,88.89,11.1,44.63,55.37
NARIÑO,POTOSI,52560,46.77,53.22,37.24,62.76
NARIÑO,PROVIDENCIA,52565,87.43,12.56,44.37,55.63
NARIÑO,PUERRES,52573,68.72,31.27,44.42,55.58
NARIÑO,PUPIALES,52585,48.37,51.62,41.32,58.68
NARIÑO,RICAURTE,52612,66.65,33.34,22.48,77.52
NARIÑO,ROBERTO PAYAN (SAN JOSE),52621,91.51,8.48,28.26,71.74
NARIÑO,SAMANIEGO,52678,83.88,16.11,39.14,60.86
NARIÑO,SANDONA,52683,64.2,35.79,42.58,57.42
NARIÑO,SAN BERNARDO,52685,61.74,38.25,52.22,47.78
NARIÑO,SAN LORENZO,52687,62.17,37.82,37.42,62.58
NARIÑO,SAN PABLO,52693,65.83,34.16,33.21,66.79
NARIÑO,SAN PEDRO DE CARTAGO,52694,51.68,48.31,41.03,58.97
NARIÑO,SANTA BARBARA (ISCUANDE),52696,91.54,8.45,35.31,64.69
NARIÑO,SANTA CRUZ (GUACHAVES),52699,71.71,28.28,27.73,72.27
NARIÑO,SAPUYES,52720,60.36,39.63,32.99,67.01
NARIÑO,TAMINANGO,52786,78.67,21.32,36.92,63.08
NARIÑO,TANGUA,52788,53.07,46.92,32.37,67.63
NARIÑO,SAN ANDRES DE TUMACO,52835,71.19,28.8,28.13,71.87
NARIÑO,TUQUERRES,52838,64.45,35.54,30.27,69.73
NARIÑO,YACUANQUER,52885,67.71,32.28,41.21,58.79
NORTE DE SANTANDER,CUCUTA,54001,34.63,65.36,45.27,54.73
NORTE DE SANTANDER,ABREGO,54003,33.55,66.44,30.17,69.83
NORTE DE SANTANDER,ARBOLEDAS,54051,30.38,69.61,45.35,54.65
NORTE DE SANTANDER,BOCHALEMA,54099,37.68,62.31,48.64,51.36
NORTE DE SANTANDER,BUCARASICA,54109,29.54,70.45,36.46,63.54
NORTE DE SANTANDER,CACOTA,54125,48.87,51.12,40.49,59.51
NORTE DE SANTANDER,CACHIRA,54128,20.49,79.5,37.85,62.15
NORTE DE SANTANDER,CHINACOTA,54172,37.17,62.82,47.72,52.28
NORTE DE SANTANDER,CHITAGA,54174,37.91,62.08,38.45,61.55
NORTE DE SANTANDER,CONVENCION,54206,59.82,40.17,25.17,74.83
NORTE DE SANTANDER,CUCUTILLA,54223,33.64,66.35,47.64,52.36
NORTE DE SANTANDER,DURANIA,54239,53.12,46.87,45.17,54.83
NORTE DE SANTANDER,EL CARMEN,54245,52.18,47.81,30.49,69.51
NORTE DE SANTANDER,EL TARRA,54250,91.51,8.48,28.85,71.15
NORTE DE SANTANDER,EL ZULIA,54261,35.54,64.45,39.72,60.28
NORTE DE SANTANDER,GRAMALOTE,54313,33.52,66.47,40.12,59.88
NORTE DE SANTANDER,HACARI,54344,89.46,10.53,26.62,73.38
NORTE DE SANTANDER,HERRAN,54347,32.89,67.1,33.35,66.65
NORTE DE SANTANDER,LABATECA,54377,52.86,47.13,34.84,65.16
NORTE DE SANTANDER,LA ESPERANZA,54385,34.46,65.53,36.9,63.1
NORTE DE SANTANDER,LA PLAYA,54398,48.83,51.16,23.75,76.25
NORTE DE SANTANDER,LOS PATIOS,54405,28.04,71.95,36.88,63.12
NORTE DE SANTANDER,LOURDES,54418,25.96,74.03,40.41,59.59
NORTE DE SANTANDER,MUTISCUA,54480,45.19,54.8,42.56,57.44
NORTE DE SANTANDER,OCAÑA,54498,39.14,60.85,36.78,63.22
NORTE DE SANTANDER,PAMPLONA,54518,35,64.99,44.03,55.97
NORTE DE SANTANDER,PAMPLONITA,54520,32.87,67.12,48.52,51.48
NORTE DE SANTANDER,PUERTO SANTANDER,54553,26.88,73.11,17.04,82.96
NORTE DE SANTANDER,RAGONVALIA,54599,25,75,26.83,73.17
NORTE DE SANTANDER,SALAZAR,54660,32.43,67.56,42.15,57.85
NORTE DE SANTANDER,SAN CALIXTO,54670,95.18,4.81,37.35,62.65
NORTE DE SANTANDER,SAN CAYETANO,54673,31.5,68.49,32.43,67.57
NORTE DE SANTANDER,SANTIAGO,54680,45.17,54.82,44.06,55.94
NORTE DE SANTANDER,SARDINATA,54720,34.83,65.16,34.65,65.35
NORTE DE SANTANDER,SILOS,54743,19.05,80.94,35.08,64.92
NORTE DE SANTANDER,TEORAMA,54800,86.47,13.52,30.36,69.64
NORTE DE SANTANDER,TIBU,54810,66.03,33.96,29.42,70.58
NORTE DE SANTANDER,TOLEDO,54820,31.86,68.13,35.83,64.17
NORTE DE SANTANDER,VILLA CARO,54871,24.4,75.59,33.83,66.17
NORTE DE SANTANDER,VILLA ROSARIO,54874,24.01,75.98,33.8,66.2
PUTUMAYO,MOCOA,86001,60.18,39.81,37.07,62.93
PUTUMAYO,COLON,86219,57.14,42.85,45.05,54.95
PUTUMAYO,ORITO,86320,77.2,22.79,31.71,68.29
PUTUMAYO,PUERTO ASIS,86568,57.99,42,26.73,73.27
PUTUMAYO,PUERTO CAICEDO,86569,70.82,29.17,32.25,67.75
PUTUMAYO,PUERTO GUZMAN,86571,72.34,27.65,29.41,70.59
PUTUMAYO,LEGUIZAMO,86573,54.5,45.49,26.28,73.72
PUTUMAYO,SIBUNDOY,86749,58.36,41.63,43.01,56.99
PUTUMAYO,SAN FRANCISCO,86755,55.73,44.26,42.42,57.58
PUTUMAYO,SAN MIGUEL (LA DORADA),86757,83.43,16.56,29.6,70.4
PUTUMAYO,SANTIAGO,86760,60.66,39.33,39.12,60.88
PUTUMAYO,VALLE DEL GUAMEZ (LA HORMIGA),86865,86.04,13.95,34.16,65.84
PUTUMAYO,VILLAGARZON,86885,50.99,49,36.72,63.28
QUINDIO,ARMENIA,63001,42.6,57.39,42.36,57.64
QUINDIO,BUENA VISTA,63111,43.88,56.11,35.98,64.02
QUINDIO,CALARCA,63130,37.58,62.41,41.1,58.9
QUINDIO,CIRCASIA,63190,36.41,63.58,42.67,57.33
QUINDIO,CORDOBA,63212,45.89,54.1,38.5,61.5
QUINDIO,FILANDIA,63272,36.68,63.31,41.14,58.86
QUINDIO,GENOVA,63302,36.2,63.79,38.05,61.95
QUINDIO,LA TEBAIDA,63401,37.14,62.85,40.56,59.44
QUINDIO,MONTENEGRO,63470,29.45,70.54,35.86,64.14
QUINDIO,PIJAO,63548,34.85,65.14,39.6,60.4
QUINDIO,QUIMBAYA,63594,38.75,61.24,40.44,59.56
QUINDIO,SALENTO,63690,33.86,66.13,44.74,55.26
RISARALDA,PEREIRA,66001,46.14,53.85,42.16,57.84
RISARALDA,APIA,66045,34.47,65.52,36.23,63.77
RISARALDA,BALBOA,66075,45.34,54.65,36.51,63.49
RISARALDA,BELEN DE UMBRIA,66088,38.15,61.84,33.23,66.77
RISARALDA,DOS QUEBRADAS,66170,42.47,57.52,43.8,56.2
RISARALDA,GUATICA,66318,33.66,66.33,36.66,63.34
RISARALDA,LA CELIA,66383,38.18,61.81,37.8,62.2
RISARALDA,LA VIRGINIA,66400,40.16,59.83,39.52,60.48
RISARALDA,MARSELLA,66440,38.15,61.84,36,64
RISARALDA,MISTRATO,66456,52.88,47.11,33.93,66.07
RISARALDA,PUEBLO RICO,66572,63.04,36.95,30.83,69.17
RISARALDA,QUINCHIA,66594,52.6,47.39,41.98,58.02
RISARALDA,SANTA ROSA DE CABAL,66682,40.2,59.79,42.93,57.07
RISARALDA,SANTUARIO,66687,41.07,58.92,30.79,69.21
SAN ANDRES,SAN ANDRES,88001,51.21,48.78,19.3,80.7
SAN ANDRES,PROVIDENCIA,88564,81.84,18.15,30.12,69.88
SANTANDER,BUCARAMANGA,68001,44.88,55.11,45.56,54.44
SANTANDER,AGUADA,68013,47.55,52.44,23.68,76.32
SANTANDER,ALBANIA,68020,56.35,43.64,36.47,63.53
SANTANDER,ARATOCA,68051,51.49,48.5,41.37,58.63
SANTANDER,BARBOSA,68077,49.22,50.77,37.98,62.02
SANTANDER,BARICHARA,68079,57.23,42.76,41.65,58.35
SANTANDER,BARRANCABERMEJA,68081,50.54,49.45,46.09,53.91
SANTANDER,BETULIA,68092,42.67,57.32,37.67,62.33
SANTANDER,BOLIVAR,68101,52.41,47.58,34.35,65.65
SANTANDER,CABRERA,68121,65.78,34.21,42.27,57.73
SANTANDER,CALIFORNIA,68132,22.22,77.77,42.24,57.76
SANTANDER,CAPITANEJO,68147,37.85,62.14,37.78,62.22
SANTANDER,CARCASI,68152,32.48,67.51,45.15,54.85
SANTANDER,CEPITA,68160,64.74,35.25,53.24,46.76
SANTANDER,CERRITO,68162,46.11,53.88,45.32,54.68
SANTANDER,CHARALA,68167,61.35,38.64,37.37,62.63
SANTANDER,CHARTA,68169,28.33,71.66,41.6,58.4
SANTANDER,CHIMA,68176,65.11,34.88,39.05,60.95
SANTANDER,CHIPATA,68179,71.56,28.43,23.87,76.13
SANTANDER,CIMITARRA,68190,40.42,59.57,33.91,66.09
SANTANDER,CONCEPCION,68207,38.74,61.25,38.5,61.5
SANTANDER,CONFINES,68209,37.98,62.01,36.83,63.17
SANTANDER,CONTRATACION,68211,57.9,42.09,46.95,53.05
SANTANDER,COROMORO,68217,53.49,46.5,38.49,61.51
SANTANDER,CURITI,68229,46.7,53.29,41.1,58.9
SANTANDER,EL CARMEN,68235,26.76,73.23,41.6,58.4
SANTANDER,EL GUACAMAYO,68245,69.72,30.27,51.13,48.87
SANTANDER,EL PEÑON,68250,49.56,50.43,39.77,60.23
SANTANDER,EL PLAYON,68255,27.56,72.43,37.73,62.27
SANTANDER,ENCINO,68264,62.4,37.59,32.59,67.41
SANTANDER,ENCISO,68266,45.87,54.12,41.16,58.84
SANTANDER,FLORIAN,68271,66.96,33.03,33.01,66.99
SANTANDER,FLORIDABLANCA,68276,41.67,58.32,49.14,50.86
SANTANDER,GALAN,68296,41.85,58.14,42.66,57.34
SANTANDER,GAMBITA,68298,54.81,45.18,35.04,64.96
SANTANDER,GIRON,68307,37.87,62.12,43.36,56.64
SANTANDER,GUACA,68318,38.66,61.33,39.92,60.08
SANTANDER,GUADALUPE,68320,40.06,59.93,36.15,63.85
SANTANDER,GUAPOTA,68322,51.62,48.37,42.2,57.8
SANTANDER,GUAVATA,68324,62.01,37.98,30.08,69.92
SANTANDER,GUEPSA,68327,61.75,38.24,35.03,64.97
SANTANDER,HATO,68344,59.94,40.05,44.76,55.24
SANTANDER,JESUS MARIA,68368,63.23,36.76,32.48,67.52
SANTANDER,JORDAN,68370,50.38,49.61,36.04,63.96
SANTANDER,LA BELLEZA,68377,33.6,66.39,42.03,57.97
SANTANDER,LANDAZURI,68385,52.62,47.37,32.65,67.35
SANTANDER,LA PAZ,68397,58.15,41.84,29.4,70.6
SANTANDER,LEBRIJA,68406,30.62,69.37,43.67,56.33
SANTANDER,LOS SANTOS,68418,42.04,57.95,48.17,51.83
SANTANDER,MACARAVITA,68425,56.78,43.21,37.43,62.57
SANTANDER,MALAGA,68432,38.31,61.68,43.67,56.33
SANTANDER,MATANZA,68444,39.36,60.63,46.48,53.52
SANTANDER,MOGOTES,68464,43.69,56.3,37.99,62.01
SANTANDER,MOLAGAVITA,68468,39.01,6.098,39.89,60.11
SANTANDER,OCAMONTE,68498,69.77,30.22,44.26,55.74
SANTANDER,OIBA,68500,44.41,55.58,42.39,57.61
SANTANDER,ONZAGA,68502,53.36,46.63,33.62,66.38
SANTANDER,PALMAR,68522,68.44,31.55,43.9,56.1
SANTANDER,PALMAS DEL SOCORRO,68524,53.56,46.43,41.29,58.71
SANTANDER,PARAMO,68533,51.19,48.8,49.54,50.46
SANTANDER,PIEDECUESTA,68547,39.91,6.008,48.81,51.19
SANTANDER,PINCHOTE,68549,56.25,43.74,42.65,57.35
SANTANDER,PUENTE NACIONAL,68572,57.3,42.69,34.62,65.38
SANTANDER,PUERTO PARRA,68573,32.18,67.81,28.53,71.47
SANTANDER,PUERTO WILCHES,68575,48.69,51.3,37.7,62.3
SANTANDER,RIONEGRO,68615,33.34,66.65,37.58,62.42
SANTANDER,SABANA DE TORRES,68655,30.85,69.14,38.46,61.54
SANTANDER,SAN ANDRES,68669,55.58,44.41,43.54,56.46
SANTANDER,SAN BENITO,68673,67.67,32.32,29.44,70.56
SANTANDER,SAN GIL,68679,50.46,49.53,43.56,56.44
SANTANDER,SAN JOAQUIN,68682,61.9,38.09,33.3,66.7
SANTANDER,SAN JOSE DE MIRANDA,68684,32.74,67.25,46.41,53.59
SANTANDER,SAN MIGUEL,68686,54.3,45.69,38.17,61.83
SANTANDER,SAN VICENTE DEL CHUCURI,68689,40.76,59.23,37.35,62.65
SANTANDER,SANTA BARBARA,68705,36.01,63.98,36.79,63.21
SANTANDER,SANTA HELENA DEL OPON,68720,38.48,61.51,35.89,64.11
SANTANDER,SIMACOTA,68745,56.04,43.95,38.82,61.18
SANTANDER,SOCORRO,68755,46.27,53.72,40.19,59.81
SANTANDER,SUAITA,68770,53.98,46.01,32.43,67.57
SANTANDER,SUCRE,68773,38.73,61.26,31.83,68.17
SANTANDER,SURATA,68780,37.25,62.74,44.52,55.48
SANTANDER,TONA,68820,41.28,58.71,41.19,58.81
SANTANDER,VALLE DE SAN JOSE,68855,50.84,49.15,41.01,58.99
SANTANDER,VELEZ,68861,54.26,45.73,37.68,62.32
SANTANDER,VETAS,68867,16.19,83.8,39.56,60.44
SANTANDER,VILLANUEVA,68872,38.99,61,37.7,62.3
SANTANDER,ZAPATOCA,68895,38.63,61.36,35.56,64.44
SUCRE,SINCELEJO,70001,54.37,45.62,35.93,64.07
SUCRE,BUENAVISTA,70110,68.77,31.22,33.78,66.22
SUCRE,CAIMITO,70124,77.33,22.66,32.13,67.87
SUCRE,COLOSO (RICAURTE),70204,70.14,29.85,35.14,64.86
SUCRE,COROZAL,70215,61,38.99,39.67,60.33
SUCRE,COVEÑAS,70221,50.03,49.96,35.69,64.31
SUCRE,CHALAN,70230,65.09,34.9,31.66,68.34
SUCRE,EL ROBLE,70233,77.95,22.04,37.84,62.16
SUCRE,GALERAS (NUEVA GRANADA),70235,41.78,58.21,33.81,66.19
SUCRE,GUARANDA,70265,51.56,48.43,28.01,71.99
SUCRE,LA UNION,70400,79.54,20.45,31.7,68.3
SUCRE,LOS PALMITOS,70418,76.74,23.25,43.55,56.45
SUCRE,MAJAGUAL,70429,57.93,42.06,26.57,73.43
SUCRE,MORROA,70473,65.45,34.54,40.75,59.25
SUCRE,OVEJAS,70508,72.51,27.48,37.09,62.91
SUCRE,PALMITO,70523,69.67,30.32,35.2,64.8
SUCRE,SAMPUES,70670,59.62,40.27,37.79,62.21
SUCRE,SAN BENITO ABAD,70678,64.34,35.65,29.64,70.36
SUCRE,SAN JUAN DE BETULIA,70702,71.3,28.69,40.39,59.61
SUCRE,SAN MARCOS,70708,63.61,36.38,26.62,73.38
SUCRE,SAN ONOFRE,70713,78.01,21.98,25.53,74.47
SUCRE,SAN PEDRO,70717,64.86,35.13,36.2,63.8
SUCRE,SAN LUIS DE SINCE,70742,61.02,38.97,35.79,64.21
SUCRE,SUCRE,70771,55.76,44.23,27.4,72.6
SUCRE,SANTIAGO DE TOLU,70820,70.23,29.76,34.49,65.51
SUCRE,TOLUVIEJO,70823,71.73,28.26,41.68,58.32
TOLIMA,IBAGUE,73001,39.39,60.6,46.49,53.51
TOLIMA,ALPUJARRA,73024,31.02,68.97,40.72,59.28
TOLIMA,ALVARADO,73026,48.11,51.88,33.09,66.91
TOLIMA,AMBALEMA,73030,51.92,48.07,34.71,65.29
TOLIMA,ANZOATEGUI,73043,30.54,69.45,31.65,68.35
TOLIMA,ARMERO (GUAYABAL),73055,51.7,48.29,35.07,64.93
TOLIMA,ATACO,73067,32.45,67.54,35.11,64.89
TOLIMA,CAJAMARCA,73124,30.86,69.13,37.34,62.66
TOLIMA,CARMEN DE APICALA,73148,35.2,64.79,41.47,58.53
TOLIMA,CASABIANCA,73152,49.17,50.82,38.98,61.02
TOLIMA,CHAPARRAL,73168,44.99,55,32.84,67.16
TOLIMA,COELLO,73200,56.25,43.74,35.03,64.97
TOLIMA,COYAIMA,73217,62.06,37.93,33.06,66.94
TOLIMA,CUNDAY,73226,41.48,58.51,36.73,63.27
TOLIMA,DOLORES,73236,41.5,58.49,41,59
TOLIMA,ESPINAL,73268,36.45,63.54,40.32,59.68
TOLIMA,FALAN,73270,53.54,46.45,39.1,60.9
TOLIMA,FLANDES,73275,36.13,63.86,38.92,61.08
TOLIMA,FRESNO,73283,33.09,66.9,32.81,67.19
TOLIMA,GUAMO,73319,34.47,65.52,34.98,65.02
TOLIMA,HERVEO,73347,39.09,60.9,32.62,67.38
TOLIMA,HONDA,73349,42.56,57.43,37.12,62.88
TOLIMA,ICONONZO,73352,52.87,47.12,34.68,65.32
TOLIMA,LERIDA,73408,49.42,50.57,37.1,62.9
TOLIMA,LIBANO,73411,49.61,50.38,32.73,67.27
TOLIMA,MARIQUITA,73443,42.13,57.86,38.67,61.33
TOLIMA,MELGAR,73449,28.81,71.18,39.71,60.29
TOLIMA,MURILLO,73461,37.21,62.78,30.9,69.1
TOLIMA,NATAGAIMA,73483,56.02,43.97,35.16,64.84
TOLIMA,ORTEGA,73504,39.99,60,35.84,64.16
TOLIMA,PALOCABILDO,73520,41.53,58.46,33.31,66.69
TOLIMA,PIEDRAS,73547,50.38,49.61,36.53,63.47
TOLIMA,PLANADAS,73555,47.77,52.22,31.55,68.45
TOLIMA,PRADO,73563,38.39,61.6,37.8,62.2
TOLIMA,PURIFICACION,73585,49.42,50.57,41.31,58.69
TOLIMA,RIOBLANCO,73616,48.8,51.19,29.8,70.2
TOLIMA,RONCESVALLES,73622,51.33,48.66,37.5,62.5
TOLIMA,ROVIRA,73624,29.29,70.7,32.15,67.85
TOLIMA,SALDAÑA,73671,33.12,66.87,36.17,63.83
TOLIMA,SAN ANTONIO,73675,28.36,71.63,40.38,59.62
TOLIMA,SAN LUIS,73678,38.69,61.3,40.21,59.79
TOLIMA,SANTA ISABEL,73686,27.85,72.14,30.86,69.14
TOLIMA,SUAREZ,73770,38.99,61,41.33,58.67
TOLIMA,VALLE SAN JUAN,73854,46.03,53.96,30.35,69.65
TOLIMA,VENADILLO,73861,43.77,56.22,38.29,61.71
TOLIMA,VILLA HERMOSA,73870,25.88,74.11,33.68,66.32
TOLIMA,VILLARICA,73873,38.54,61.45,34.45,65.55
VALLE,CALI,76001,54.27,45.72,36.4,63.6
VALLE,ALCALA,76020,48.88,51.11,33.95,66.05
VALLE,ANDALUCIA,76036,52.12,47.87,35.11,64.89
VALLE,ANSERMANUEVO,76041,31.59,68.4,28.05,71.95
VALLE,ARGELIA,76054,48.42,51.57,30.42,69.58
VALLE,BOLIVAR,76100,42.8,57.19,37.07,62.93
VALLE,BUENAVENTURA,76109,70.66,29.33,28.46,71.54
VALLE,GUADALAJARA DE BUGA,76111,50.46,49.53,42.24,57.76
VALLE,BUGALAGRANDE,76113,57.54,42.45,37.33,62.67
VALLE,CAICEDONIA,76122,38.89,61.1,36.44,63.56
VALLE,CALIMA (DARIEN),76126,48.79,51.2,33.82,66.18
VALLE,CANDELARIA,76130,46.52,53.47,35.01,64.99
VALLE,CARTAGO,76147,38.11,61.88,35.53,64.47
VALLE,DAGUA,76233,44.33,55.66,30.72,69.28
VALLE,EL AGUILA,76243,30.88,69.11,35.63,64.37
VALLE,EL CAIRO,76246,50.35,49.64,28.78,71.22
VALLE,EL CERRITO,76248,51.78,48.21,35.62,64.38
VALLE,EL DOVIO,76250,32.84,67.15,31.01,68.99
VALLE,FLORIDA,76275,56.7,43.29,37.55,62.45
VALLE,GINEBRA,76306,49.37,50.62,40.58,59.42
VALLE,GUACARI,76318,55.95,44.04,38.6,61.4
VALLE,JAMUNDI,76364,53.55,46.44,35.7,64.3
VALLE,LA CUMBRE,76377,50.18,49.81,32.38,67.62
VALLE,LA UNION,76400,27.43,72.56,39.37,60.63
VALLE,LA VICTORIA,76403,46.34,53.65,36.69,63.31
VALLE,OBANDO,76497,44.49,55.5,32.69,67.31
VALLE,PALMIRA,76520,54.43,45.56,38.73,61.27
VALLE,PRADERA,76563,51.04,48.95,38.26,61.74
VALLE,RESTREPO,76606,40.84,59.15,29.82,70.18
VALLE,RIOFRIO,76616,40.69,59.3,33.48,66.52
VALLE,ROLDANILLO,76622,42.08,57.91,39.46,60.54
VALLE,SAN PEDRO,76670,50.17,49.82,37.5,62.5
VALLE,SEVILLA,76736,51.39,48.6,35.18,64.82
VALLE,TORO,76823,36.34,63.65,30.99,69.01
VALLE,TRUJILLO,76828,37.29,62.7,34.19,65.81
VALLE,TULUA,76834,45.76,54.23,39.48,60.52
VALLE,ULLOA,76845,56.07,43.92,36.1,63.9
VALLE,VERSALLES,76863,36.85,63.14,33.62,66.38
VALLE,VIJES,76869,53.83,46.16,33.03,66.97
VALLE,YOTOCO,76890,47.48,52.51,35.35,64.65
VALLE,YUMBO,76892,52.68,47.31,36.13,63.87
VALLE,ZARZAL,76895,50.19,49.8,36.93,63.07
VAUPES,Pacoa (ANM),97001,91.39,8.6,17.59,82.41
VAUPES,Mitú,97161,75.62,24.37,23.28,76.72
VAUPES,Caruru,97511,83.4,16.59,27.01,72.99
VAUPES,Taraira,97666,78.89,21.1,25.05,74.95
VAUPES,Papunaua (ANM),97777,94.73,5.26,17.43,82.57
VAUPES,Yavaraté (ANM),97889,88.25,11.74,30.53,69.47
VICHADA,Puerto Carreño,99001,46.15,53.84,27.64,72.36
VICHADA,La Primavera,99524,27,72.99,34.45,65.55
VICHADA,Santa Rosalía,99624,45.53,54.46,42.61,57.39
VICHADA,Cumaribo,99773,74.05,25.94,19.37,80.63