Code DANE,Municipality,Department,2016_yes_total,2016_no_total,2016_yes_percentage,2016_no_percentage,2016_turnout_percentage,2016_turnout,mun_risk_level,number_municipalities,mun_med_risk,mun_high_risk,mun_extr_risk,total_municipalities_at_risk,percentage_department_at_risk,org_crim_2014_2016,param_groups_1996_2011,ELN_2014_2016,FARC_2014_2015,des_zones_FARC_2016,var1_cat,pol_soc_viol_2016,press_liber_2016,mass_displ_2016,cat2_var,ill_crops_2015,ill_mining_2015,cat3_var,vote_corr_2006_2015,ballot_alt_2006_2015,cat4_var,aggregate_cat123,aggregate_cat1234
5001,Medellín,Antioquia,,,37,63,46,,0,,,,,,0,3,3,,,,6,3,1,,4,,,0,,,0,10,10
5002,Abejorral,Antioquia,,,38,62,24,,0,,,,,,0,,,,,,0,,,,0,,,0,1,,1,1,2
5004,Abriaquí,Antioquia,,,39,61,30,,0,,,,,,0,,,,,,0,,,,0,,,0,,,0,0,0
5021,Alejandría,Antioquia,,,58,42,38,,0,,,,,,0,,,,,,0,,,,0,,,0,,,0,0,0
5030,Amagá,Antioquia,,,33,67,29,,0,,,,,,0,,,,,,0,,,,0,,,0,,,0,0,0
5031,Amalfi,Antioquia,,,36,64,23,,2,,,2,,,0,,1,2,,,3,,,,0,1,2,3,3,,3,17,20
5034,Andes,Antioquia,,,36,64,26,,0,,,,,,0,,1,,,,1,,,,0,,1,1,,,0,4,4
5036,Angelópolis,Antioquia,,,36,64,28,,0,,,,,,0,,,,,,0,,,,0,,2,2,,,0,4,4
5038,Angostura,Antioquia,,,39,61,21,,2,,,2,,,0,,,2,1,,3,,,,0,,,0,1,2,3,11,14
5040,Anorí,Antioquia,,,65,35,27,,3,,,,3,,0,,1,2,1,1,5,,,,0,2,2,4,3,,3,24,27
5042,Santafé de Antioquia,Antioquia,,,30,70,40,,0,,,,,,0,,,,,,0,,,,0,,,0,,,0,0,0
5044,Anza,Antioquia,,,33,67,20,,0,,,,,,0,,,,,,0,,,,0,,1,1,1,,1,3,4
5045,Apartadó,Antioquia,,,52,48,31,,3,,,,3,,0,3,3,,1,,7,3,,,3,1,,1,,,0,25,25
5051,Arboletes,Antioquia,,,66,34,27,,0,,,,,,0,3,,,,,3,,,,0,,,0,,,0,6,6
5055,Argelia,Antioquia,,,32,68,31,,0,,,,,,0,2,,,,,2,,,,0,,1,1,1,,1,7,8
5059,Armenia,Antioquia,,,31,69,21,,1,,1,,,,0,3,1,,,,4,,,,0,,1,1,,,0,11,11
5079,Barbosa,Antioquia,,,33,67,35,,1,,1,,,,0,2,,,,,2,3,,,3,,,0,,,0,11,11
5086,Belmira,Antioquia,,,43,57,34,,0,,,,,,0,,,,,,0,,,,0,,,0,,,0,0,0
5088,Bello,Antioquia,,,36,64,38,,2,,,2,,,0,,2,,,,2,3,,,3,,,0,1,,1,13,14
5091,Betania,Antioquia,,,30,70,19,,0,,,,,,0,,,,,,0,,,,0,,1,1,,,0,2,2
5093,Betulia,Antioquia,,,34,66,23,,0,,,,,,0,,,,,,0,,,,0,,,0,,,0,0,0
5101,Ciudad Bolívar,Antioquia,,,30,70,23,,0,,,,,,0,,,,,,0,,,,0,,,0,1,,1,1,2
5107,Briceño,Antioquia,,,69,31,34,,2,,,2,,,0,3,,,1,,4,,1,3,4,2,,2,1,,1,23,24
5113,Buriticá,Antioquia,,,35,65,21,,2,,,2,,,0,3,,,,,3,3,,,3,,,0,,,0,14,14
5120,Cáceres,Antioquia,,,65,35,20,,3,,,,3,,0,3,,2,1,,6,,,3,3,2,3,5,1,,1,32,33
5125,Caicedo,Antioquia,,,39,61,26,,0,,,,,,0,,,,,,0,3,,,3,,,0,,,0,6,6
5129,Caldas,Antioquia,,,37,63,43,,0,,,,,,0,,1,,,,1,,,,0,,,0,,3,3,5,8
5134,Campamento,Antioquia,,,51,49,20,,2,,,2,,,0,,,2,1,,3,,,,0,2,2,4,2,,2,18,20
5138,Cañasgordas,Antioquia,,,41,59,36,,0,,,,,,0,3,,,,,3,,,,0,,,0,,,0,6,6
5142,Caracolí,Antioquia,,,49,5,25,,0,,,,,,0,,,,,,0,,,,0,,,0,1,,1,1,2
5145,Caramanta,Antioquia,,,42,58,27,,0,,,,,,0,,,,,,0,,,,0,,,0,,,0,0,0
5147,Carepa,Antioquia,,,47,53,28,,2,,,2,,,0,3,1,,1,,5,3,,,3,,,0,,,0,18,18
5148,El Carmen de Viboral,Antioquia,,,33,67,34,,0,,,,,,0,,,,,,0,,,,0,,1,1,,,0,2,2
5150,Carolina,Antioquia,,,42,58,28,,0,,,,,,0,,,,,,0,,,,0,,,0,,,0,0,0
5154,Caucasia,Antioquia,,,43,57,32,,2,,,2,,,0,2,,2,,,4,,1,,1,,2,2,,,0,16,16
5172,Chigorodó,Antioquia,,,52,48,28,,2,,,2,,,0,3,1,,,,4,3,,,3,,1,1,,,0,18,18
5190,Cisneros,Antioquia,,,37,63,26,,0,,,,,,0,,,,,,0,,,,0,,,0,,,0,0,0
5197,Cocorná,Antioquia,,,35,65,38,,0,,,,,,0,,,,,,0,,,,0,,,0,,,0,0,0
5206,Concepción,Antioquia,,,38,62,35,,0,,,,,,0,,,2,,,2,,,,0,,,0,,,0,4,4
5209,Concordia,Antioquia,,,32,68,20,,2,,,2,,,0,,,,,,0,3,,,3,,1,1,2,1,3,13,16
5212,Copacabana,Antioquia,,,39,61,41,,0,,,,,,0,,,,,,0,,,,0,,,0,,,0,0,0
5234,Dabeiba,Antioquia,,,65,35,29,,3,,,,3,,0,3,2,,1,1,7,,,,0,,1,1,2,,2,21,23
5237,Don Matías,Antioquia,,,26,74,32,,0,,,,,,0,,,,,,0,,,,0,,,0,,,0,0,0
5240,Ebéjico,Antioquia,,,35,65,25,,0,,,,,,0,,,,,,0,,,,0,,,0,,,0,0,0
5250,El Bagre,Antioquia,,,44,56,21,,3,,,,3,,0,3,,2,1,,6,3,,3,6,1,3,4,1,1,2,37,39
5264,Entrerrios,Antioquia,,,33,67,34,,0,,,,,,0,,,,,,0,,,,0,,,0,,,0,0,0
5266,Envigado,Antioquia,,,36,64,46,,0,,,,,,0,,,,,,0,,,,0,,,0,1,1,2,2,4
5282,Fredonia,Antioquia,,,36,64,27,,0,,,,,,0,,,,,,0,,,,0,,,0,,,0,0,0
5284,Frontino,Antioquia,,,55,45,24,,0,,,,,,0,,1,,,,1,,,,0,,1,1,1,,1,5,6
5306,Giraldo,Antioquia,,,54,46,32,,0,,,,,,0,3,,,,,3,,,,0,,,0,,,0,6,6
5308,Girardota,Antioquia,,,36,64,36,,0,,,,,,0,,,,,,0,,,,0,,,0,,1,1,1,2
5310,Gómez Plata,Antioquia,,,37,63,26,,0,,,,,,0,,,,,,0,,,,0,,,0,,,0,0,0
5313,Granada,Antioquia,,,39,61,35,,2,,,2,,,0,,1,,,,1,,,,0,,2,2,3,,3,11,14
5315,Guadalupe,Antioquia,,,55,45,25,,1,,1,,,,0,2,,,,,2,,,,0,,2,2,1,,1,10,11
5318,Guarne,Antioquia,,,27,73,47,,0,,,,,,0,,1,,,,1,,,,0,,,0,,,0,2,2
5321,Guatapé,Antioquia,,,39,61,50,,0,,,,,,0,,,,,,0,,,,0,,,0,,,0,0,0
5347,Heliconia,Antioquia,,,44,56,24,,0,,,,,,0,,,,,,0,,,,0,,,0,,,0,0,0
5353,Hispania,Antioquia,,,41,59,22,,0,,,,,,0,,,,,,0,,,,0,,,0,,,0,0,0
5360,Itagui,Antioquia,,,37,63,39,,0,,,,,,0,,,,,,0,,,,0,,,0,,,0,0,0
5361,Ituango,Antioquia,,,69,31,24,,3,,,,3,,0,,1,2,1,1,5,,,3,3,1,1,2,3,,3,26,29
5364,Jardín,Antioquia,,,36,64,38,,0,,,,,,0,,,,,,0,,,,0,,,0,,,0,0,0
5368,Jericó,Antioquia,,,29,71,31,,0,,,,,,0,,,,,,0,,,,0,,,0,,,0,0,0
5376,La Ceja,Antioquia,,,30,70,51,,0,,,,,,0,,1,,,,1,,,,0,,,0,,,0,2,2
5380,La Estrella,Antioquia,,,36,64,37,,0,,,,,,0,,,,,,0,,,,0,,,0,,,0,0,0
5390,La Pintada,Antioquia,,,42,58,37,,0,,,,,,0,,,,,,0,,,,0,,2,2,,,0,4,4
5400,La Unión,Antioquia,,,35,65,46,,2,,,2,,,0,,3,,,,3,3,,,3,,,0,,,0,14,14
5411,Liborina,Antioquia,,,36,64,29,,0,,,,,,0,,,,,,0,3,,,3,,,0,,,0,6,6
5425,Maceo,Antioquia,,,42,58,25,,1,,1,,,,0,2,2,,,,4,,,,0,,1,1,,,0,11,11
5440,Marinilla,Antioquia,,,31,69,47,,0,,,,,,0,,,,,,0,,1,,1,,1,1,,,0,4,4
5467,Montebello,Antioquia,,,55,45,30,,0,,,,,,0,,,,,,0,,,,0,,,0,,,0,0,0
5475,Murindó,Antioquia,,,96,4,42,,0,,,,,,0,,,,,,0,,,,0,,1,1,2,,2,4,6
5480,Mutatá,Antioquia,,,65,35,22,,3,,,,3,,0,3,2,2,1,,8,,,,0,1,,1,2,,2,23,25
5483,Nariño,Antioquia,,,33,67,28,,1,,1,,,,0,2,,,,,2,,,,0,,1,1,2,,2,9,11
5490,Necoclí,Antioquia,,,60,40,23,,1,,1,,,,0,3,,,,,3,,1,,1,,,0,,,0,9,9
5495,Nechí,Antioquia,,,52,48,21,,1,,1,,,,0,,,,,,0,,,,0,2,3,5,,,0,11,11
5501,Olaya,Antioquia,,,38,62,27,,0,,,,,,0,,,,,,0,,,,0,,,0,,,0,0,0
5541,Peñol,Antioquia,,,38,62,34,,0,,,,,,0,,,,,,0,,,,0,,,0,,,0,0,0
5543,Peque,Antioquia,,,73,27,38,,1,,1,,,,0,,1,2,1,,4,,,,0,,,0,,,0,9,9
5576,Pueblorrico,Antioquia,,,34,66,25,,0,,,,,,0,,,,,,0,,,,0,,,0,,,0,0,0
5579,Puerto Berrío,Antioquia,,,31,69,26,,2,,,2,,,0,3,1,,,,4,3,1,,4,,,0,2,,2,20,22
5585,Puerto Nare,Antioquia,,,59,41,33,,0,,,,,,0,,,,,,0,,,,0,,,0,,,0,0,0
5591,Puerto Triunfo,Antioquia,,,26,74,30,,0,,,,,,0,,,,,,0,,,,0,,1,1,,,0,2,2
5604,Remedios,Antioquia,,,35,65,21,,3,,,,3,,0,,2,2,1,1,6,,,,0,1,2,3,3,,3,24,27
5607,Retiro,Antioquia,,,31,69,46,,0,,,,,,0,,,,,,0,,,,0,,,0,,,0,0,0
5615,Rionegro,Antioquia,,,31,69,50,,0,,,,,,0,2,,,,,2,,,,0,,,0,,,0,4,4
5628,Sabanalarga,Antioquia,,,34,66,34,,0,,,,,,0,,,,,,0,,,,0,,,0,,,0,0,0
5631,Sabaneta,Antioquia,,,37,63,46,,0,,,,,,0,,,,,,0,,,,0,,,0,,,0,0,0
5642,Salgar,Antioquia,,,33,67,18,,0,,,,,,0,,,,,,0,,,,0,,,0,2,,2,2,4
5647,San Andrés de Cuerquía,Antioquia,,,45,55,33,,0,,,,,,0,,,,1,,1,,,,0,,,0,1,,1,3,4
5649,San Carlos,Antioquia,,,47,53,38,,1,,1,,,,0,,2,,,,2,,,,0,1,,1,,,0,7,7
5652,San Francisco,Antioquia,,,42,58,27,,0,,,,,,0,,,,,,0,,,,0,1,1,2,2,,2,6,8
5656,San Jerónimo,Antioquia,,,37,63,29,,0,,,,,,0,,,,,,0,3,,,3,,,0,,,0,6,6
5658,San José de La Montaña,Antioquia,,,37,63,33,,0,,,,,,0,,,,,,0,,,,0,,,0,,,0,0,0
5659,San Juan de Urabá,Antioquia,,,66,34,24,,0,,,,,,0,3,,,,,3,,,,0,,,0,,,0,6,6
5660,San Luis,Antioquia,,,25,75,34,,0,,,,,,0,,,,,,0,,,,0,1,1,2,2,,2,6,8
5664,San Pedro,Antioquia,,,26,74,39,,0,,,,,,0,2,,,,,2,,,,0,,,0,,,0,4,4
5665,San Pedro de Uraba,Antioquia,,,51,49,16,,1,,1,,,,0,3,,,,,3,,,,0,1,,1,,,0,9,9
5667,San Rafael,Antioquia,,,39,61,33,,0,,,,,,0,,,,,,0,,1,,1,,,0,,,0,2,2
5670,San Roque,Antioquia,,,41,59,31,,0,,,,,,0,,,,,,0,,,,0,,1,1,,,0,2,2
5674,San Vicente,Antioquia,,,28,72,37,,0,,,,,,0,,,,,,0,,,,0,,,0,,,0,0,0
5679,Santa Bárbara,Antioquia,,,36,64,27,,0,,,,,,0,,2,,,,2,,,,0,,,0,,,0,4,4
5686,Santa Rosa de Osos,Antioquia,,,38,62,28,,0,,,,,,0,2,,,,,2,,,,0,,,0,,2,2,6,8
5690,Santo Domingo,Antioquia,,,39,61,32,,0,,,,,,0,,,,,,0,,,,0,,2,2,,,0,4,4
5697,El Santuario,Antioquia,,,27,73,48,,0,,,,,,0,,1,,,,1,,,,0,,,0,,,0,2,2
5736,Segovia,Antioquia,,,33,67,18,,3,,,,3,,0,3,1,2,1,,7,,1,,1,1,3,4,3,,3,30,33
5756,Sonson,Antioquia,,,26,74,34,,1,,1,,,,0,,1,,,,1,,,,0,1,2,3,,,0,9,9
5761,Sopetrán,Antioquia,,,45,55,35,,0,,,,,,0,3,,,,,3,,,,0,,,0,,,0,6,6
5789,Támesis,Antioquia,,,35,65,32,,0,,,,,,0,,,,,,0,,,,0,,1,1,,,0,2,2
5790,Tarazá,Antioquia,,,60,40,23,,3,,,,3,,0,3,,2,1,,6,,,,0,2,2,4,2,,2,25,27
5792,Tarso,Antioquia,,,42,58,21,,0,,,,,,0,3,,,,,3,,,,0,,,0,,,0,6,6
5809,Titiribí,Antioquia,,,35,65,25,,0,,,,,,0,,,,,,0,,,,0,,1,1,,,0,2,2
5819,Toledo,Antioquia,,,61,39,33,,0,,,,,,0,,,,,,0,,,,0,,,0,1,,1,1,2
5837,Turbo,Antioquia,,,56,44,25,,3,,,,3,,0,3,2,,,,5,3,1,3,7,1,,1,,,0,29,29
5842,Uramita,Antioquia,,,54,46,29,,0,,,,,,0,3,,,,,3,,,,0,,,0,,,0,6,6
5847,Urrao,Antioquia,,,47,53,26,,1,,1,,,,0,,1,,1,,2,,,,0,,1,1,1,,1,8,9
5854,Valdivia,Antioquia,,,50,50,19,,3,,,,3,,0,3,,2,1,,6,,,,0,2,2,4,3,,3,26,29
5856,Valparaíso,Antioquia,,,40,60,27,,0,,,,,,0,,,,,,0,,,,0,,,0,,,0,0,0
5858,Vegachí,Antioquia,,,28,72,18,,0,,,,,,0,,,,,,0,,,,0,,2,2,1,,1,5,6
5861,Venecia,Antioquia,,,38,62,27,,0,,,,,,0,,,,,,0,,,,0,,2,2,,,0,4,4
5873,Vigía del Fuerte,Antioquia,,,96,4,42,,3,,,,3,,0,,,,,1,1,,,,0,,1,1,,,0,7,7
5885,Yalí,Antioquia,,,39,61,19,,1,,1,,,,0,2,,,,,2,,,,0,1,2,3,,,0,11,11
5887,Yarumal,Antioquia,,,33,67,29,,1,,1,,,,0,2,1,,1,,4,,,,0,1,,1,,,0,11,11
5890,Yolombó,Antioquia,,,40,60,22,,2,,,2,,,0,2,1,,,,3,,,,0,1,1,2,1,,1,13,14
5893,Yondó,Antioquia,,,46,54,44,,1,,1,,,,0,,2,,,,2,,,,0,1,1,2,,,0,9,9
5895,Zaragoza,Antioquia,,,49,51,19,,3,,,,3,,0,3,,2,1,,6,,,,0,1,3,4,,1,1,24,25
,Total,Antioquia,648051,1057518,37.99,62,38.37,1742139,,125,15,14,14,43,34,,,,,,0,,,,0,,,0,,,0,,0
8001,Barranquilla,Atlántico,,,57,43,25,,0,,,,,,0,2,2,,,,4,,1,,1,,,0,1,,1,11,12
8078,Baranoa,Atlántico,,,72,28,27,,0,,,,,,0,,,,,,0,,,,0,,,0,,,0,0,0
8137,Campo de La Cruz,Atlántico,,,62,38,15,,0,,,,,,0,,,,,,0,3,,,3,,,0,,,0,6,6
8141,Candelaria,Atlántico,,,70,30,27,,0,,,,,,0,,,,,,0,,,,0,,,0,1,,1,1,2
8296,Galapa,Atlántico,,,62,38,24,,0,,,,,,0,,,,,,0,,,,0,,,0,1,,1,1,2
8372,Juan de Acosta,Atlántico,,,69,31,20,,0,,,,,,0,,,,,,0,,,,0,,,0,,,0,0,0
8421,Luruaco,Atlántico,,,65,35,15,,0,,,,,,0,,,,,,0,,,,0,,,0,,,0,0,0
8433,Malambo,Atlántico,,,56,44,21,,0,,,,,,0,,,,,,0,,,,0,,,0,1,,1,1,2
8436,Manatí,Atlántico,,,84,16,15,,0,,,,,,0,,,,,,0,3,,,3,,,0,,,0,6,6
8520,Palmar de Varela,Atlántico,,,72,28,22,,0,,,,,,0,,,,,,0,,,,0,,,0,,,0,0,0
8549,Piojó,Atlántico,,,74,26,28,,0,,,,,,0,,,,,,0,,,,0,,,0,1,,1,1,2
8558,Polonuevo,Atlántico,,,81,19,28,,0,,,,,,0,,,,,,0,,,,0,,,0,,,0,0,0
8560,Ponedera,Atlántico,,,63,37,22,,0,,,,,,0,,,,,,0,,,,0,,,0,1,,1,1,2
8573,Puerto Colombia,Atlántico,,,62,38,30,,0,,,,,,0,,,,,,0,,,,0,,,0,,,0,0,0
8606,Repelón,Atlántico,,,80,20,23,,0,,,,,,0,,,,,,0,,,,0,,,0,,,0,0,0
8634,Sabanagrande,Atlántico,,,64,36,23,,0,,,,,,0,,,,,,0,,,,0,,,0,,,0,0,0
8638,Sabanalarga,Atlántico,,,73,27,28,,0,,,,,,0,,,,,,0,,,,0,,,0,,,0,0,0
8675,Santa Lucía,Atlántico,,,75,25,20,,0,,,,,,0,,,,,,0,,,,0,,,0,1,,1,1,2
8685,Santo Tomás,Atlántico,,,72,28,22,,0,,,,,,0,,,,,,0,,,,0,,,0,,,0,0,0
8758,Soledad,Atlántico,,,59,41,22,,1,,1,,,,0,2,,,,,2,,,,0,,,0,,1,1,6,7
8770,Suan,Atlántico,,,76,24,25,,0,,,,,,0,,,,,,0,,,,0,,,0,,2,2,2,4
8832,Tubará,Atlántico,,,68,32,30,,0,,,,,,0,,,,,,0,,,,0,,,0,,1,1,1,2
8849,Usiacurí,Atlántico,,,77,23,29,,0,,,,,,0,,,,,,0,,,,0,,,0,1,,1,1,2
,Total,Atlántico,258121,168300,60.53,39.46,24.1,430989,,23,1,0,0,1,4,,,,,,0,,,,0,,,0,,,0,,0
11001,"Bogotá, D.C.","Bogotá, D.C.",,,56,44,46,,0,,,,,,0,2,3,,,,5,3,1,,4,,,0,2,,2,20,22
,Total,"Bogotá, D.C.",1423612,1114933,56.07,43.92,46.33,2570359,,1,0,0,0,0,0,,,,,,0,,,,0,,,0,,,0,,0
13001,Cartagena,Bolívar,,,56,44,20,,0,,,,,,0,2,3,,,,5,3,1,,4,,,0,2,,2,20,22
13006,Achí,Bolívar,,,70,30,40,,0,,,,,,0,2,,,,,2,,,,0,1,,1,,,0,6,6
13030,Altos del Rosario,Bolívar,,,57,43,21,,0,,,,,,0,,,,,,0,,,,0,,1,1,,,0,2,2
13042,Arenal,Bolívar,,,88,12,35,,2,,,2,,,0,,,2,,,2,,,,0,1,2,3,3,,3,15,18
13052,Arjona,Bolívar,,,62,38,19,,0,,,,,,0,,,,,,0,,1,,1,,,0,,,0,2,2
13062,Arroyohondo,Bolívar,,,75,25,21,,0,,,,,,0,,,,,,0,,,,0,,,0,,,0,0,0
13074,Barranco de Loba,Bolívar,,,53,47,26,,3,,,,3,,0,,,,,,0,3,,,3,,1,1,,,0,11,11
13140,Calamar,Bolívar,,,59,41,21,,0,,,,,,0,2,,,,,2,,,,0,,,0,,,0,4,4
13160,Cantagallo,Bolívar,,,72,28,44,,2,,,2,,,0,2,1,2,,,5,,,,0,1,,1,,,0,14,14
13188,Cicuco,Bolívar,,,71,29,32,,0,,,,,,0,,,,,,0,,,,0,,,0,,,0,0,0
13212,Córdoba,Bolívar,,,78,22,36,,0,,,,,,0,2,,,,,2,,,,0,,,0,,,0,4,4
13222,Clemencia,Bolívar,,,66,34,17,,0,,,,,,0,,,,,,0,,,,0,,,0,,,0,0,0
13244,El Carmen de Bolívar,Bolívar,,,53,47,30,,2,,,2,,,0,,2,,,,2,,,3,3,,,0,,,0,12,12
13248,El Guamo,Bolívar,,,80,20,28,,0,,,,,,0,,,,,,0,,,,0,,,0,,,0,0,0
13268,El Peñón,Bolívar,,,61,39,26,,0,,,,,,0,,,,,,0,,,,0,,,0,,,0,0,0
13300,Hatillo de Loba,Bolívar,,,51,49,27,,0,,,,,,0,,,,,,0,,,,0,,1,1,,,0,2,2
13430,Magangué,Bolívar,,,62,38,29,,0,,,,,,0,2,,,,,2,,1,,1,,,0,,,0,6,6
13433,Mahates,Bolívar,,,70,30,21,,0,,,,,,0,,,,,,0,,,,0,,,0,,,0,0,0
13440,Margarita,Bolívar,,,60,40,26,,0,,,,,,0,,,,,,0,,,,0,,,0,,,0,0,0
13442,María La Baja,Bolívar,,,80,20,24,,0,,,,,,0,,1,,,,1,,,,0,,,0,,,0,2,2
13458,Montecristo,Bolívar,,,81,19,25,,2,,,2,,,0,,,2,1,,3,,,,0,2,3,5,,,0,18,18
13468,Mompós,Bolívar,,,63,37,24,,0,,,,,,0,,,,,,0,,,,0,,,0,,,0,0,0
13473,Morales,Bolívar,,,47,53,39,,1,,1,,,,0,,1,2,,,3,,,,0,1,1,2,,,0,11,11
13490,Norosí,Bolívar,,,85,15,32,,1,,1,,,,0,,,2,,,2,,,,0,1,2,3,,,0,11,11
13549,Pinillos,Bolívar,,,61,39,31,,0,,,,,,0,,,,,,0,,,,0,,,0,,,0,0,0
13580,Regidor,Bolívar,,,77,23,32,,0,,,,,,0,,,,,,0,,,,0,,,0,,,0,0,0
13600,Río Viejo,Bolívar,,,70,30,37,,1,,1,,,,0,,,2,,,2,,,,0,1,2,3,,,0,11,11
13620,San Cristóbal,Bolívar,,,87,13,29,,0,,,,,,0,,,,,,0,,,,0,,,0,,3,3,3,6
13647,San Estanislao,Bolívar,,,69,31,20,,0,,,,,,0,,,,,,0,,,,0,,,0,,,0,0,0
13650,San Fernando,Bolívar,,,82,18,30,,0,,,,,,0,,,,,,0,,,,0,,,0,,,0,0,0
13654,San Jacinto,Bolívar,,,60,40,31,,0,,,,,,0,,,,,,0,,,,0,,,0,,,0,0,0
13655,San Jacinto del Cauca,Bolívar,,,69,31,30,,0,,,,,,0,,,,,,0,,,,0,2,1,3,,,0,6,6
13657,San Juan Nepomuceno,Bolívar,,,61,39,29,,0,,,,,,0,,1,,,,1,,,,0,,,0,,,0,2,2
13667,San Martín de Loba,Bolívar,,,69,31,26,,0,,,,,,0,,,,,,0,,,,0,,2,2,,,0,4,4
13670,San Pablo,Bolívar,,,49,51,34,,3,,,,3,,0,,3,2,1,,6,3,,3,6,2,,2,,,0,31,31
13673,Santa Catalina,Bolívar,,,76,24,21,,0,,,,,,0,,,,,,0,,,,0,,,0,1,,1,1,2
13683,Santa Rosa,Bolívar,,,65,35,13,,0,,,,,,0,,,,,,0,,,,0,,,0,,,0,0,0
13688,Santa Rosa del Sur,Bolívar,,,37,63,38,,2,,,2,,,0,,1,2,,,3,,,,0,2,2,4,,,0,16,16
13744,Simití,Bolívar,,,50,50,31,,2,,,2,,,0,,1,2,1,,4,,,,0,1,3,4,,,0,18,18
13760,Soplaviento,Bolívar,,,85,15,28,,0,,,,,,0,,,,,,0,,,,0,,,0,,,0,0,0
13780,Talaigua Nuevo,Bolívar,,,64,36,33,,0,,,,,,0,,,,,,0,,,,0,,,0,,,0,0,0
13810,Tiquisio,Bolívar,,,55,45,25,,1,,1,,,,0,2,,,,,2,,,,0,1,2,3,,,0,11,11
13836,Turbaco,Bolívar,,,60,40,17,,0,,,,,,0,,,,,,0,,,,0,,,0,,,0,0,0
13838,Turbaná,Bolívar,,,69,31,18,,0,,,,,,0,,,,,,0,,,,0,,,0,,,0,0,0
13873,Villanueva,Bolívar,,,61,39,13,,0,,,,,,0,,,,,,0,,,,0,,,0,,,0,0,0
13894,Zambrano,Bolívar,,,86,14,43,,0,,,,,,0,,,,,,0,,,,0,,,0,,,0,0,0
,Total,Bolívar,208019,137307,60.23,39.76,23.33,350488,,46,4,6,2,12,26,,,,,,0,,,,0,,,0,,,0,,0
15001,Tunja,Boyacá,,,57,43,51,,0,,,,,,0,,1,,,,1,,1,,1,,,0,,1,1,5,6
15022,Almeida,Boyacá,,,52,48,36,,0,,,,,,0,,,,,,0,,,,0,,,0,,,0,0,0
15047,Aquitania,Boyacá,,,29,71,35,,0,,,,,,0,,,,,,0,,,,0,,,0,,,0,0,0
15051,Arcabuco,Boyacá,,,47,53,38,,0,,,,,,0,,,,,,0,,,,0,,,0,,,0,0,0
15087,Belén,Boyacá,,,46,54,39,,0,,,,,,0,,,,,,0,,,,0,,,0,,,0,0,0
15090,Berbeo,Boyacá,,,68,32,40,,0,,,,,,0,,,,,,0,,,,0,,,0,,,0,0,0
15092,Betéitiva,Boyacá,,,62,38,36,,0,,,,,,0,,,,,,0,,,,0,,,0,,1,1,1,2
15097,Boavita,Boyacá,,,44,56,36,,0,,,,,,0,,,,,,0,,,,0,,,0,,,0,0,0
15104,Boyacá,Boyacá,,,58,42,26,,0,,,,,,0,,,,,,0,,,,0,,,0,,,0,0,0
15106,Briceño,Boyacá,,,63,37,37,,0,,,,,,0,,,,,,0,,,,0,,,0,,,0,0,0
15109,Buenavista,Boyacá,,,44,56,32,,0,,,,,,0,,,,,,0,,,,0,,,0,,,0,0,0
15114,Busbanzá,Boyacá,,,49,51,47,,0,,,,,,0,,,,,,0,,,,0,,,0,1,3,4,4,8
15131,Caldas,Boyacá,,,59,41,35,,0,,,,,,0,,,,,,0,,,,0,,,0,,,0,0,0
15135,Campohermoso,Boyacá,,,54,46,39,,0,,,,,,0,,,,,,0,,,,0,,,0,,,0,0,0
15162,Cerinza,Boyacá,,,62,38,47,,0,,,,,,0,,,,,,0,,,,0,,,0,,,0,0,0
15172,Chinavita,Boyacá,,,46,54,30,,0,,,,,,0,,,,,,0,,,,0,,,0,,,0,0,0
15176,Chiquinquirá,Boyacá,,,48,52,42,,0,,,,,,0,,,,,,0,,,,0,,,0,,,0,0,0
15180,Chiscas,Boyacá,,,51,49,40,,0,,,,,,0,,,,,,0,,,,0,,,0,,,0,0,0
15183,Chita,Boyacá,,,40,60,37,,0,,,,,,0,,,2,,,2,,,,0,,,0,,,0,4,4
15185,Chitaraque,Boyacá,,,40,60,30,,0,,,,,,0,,,,,,0,,,,0,,,0,,,0,0,0
15187,Chivatá,Boyacá,,,52,48,37,,0,,,,,,0,,,,,,0,,,,0,,,0,,,0,0,0
15189,Ciénega,Boyacá,,,45,55,32,,0,,,,,,0,,,,,,0,,,,0,,,0,,,0,0,0
15204,Cómbita,Boyacá,,,59,41,43,,0,,,,,,0,,,,,,0,,,,0,,,0,,,0,0,0
15212,Coper,Boyacá,,,60,40,41,,0,,,,,,0,,,,,,0,,,,0,,,0,,,0,0,0
15215,Corrales,Boyacá,,,44,56,43,,0,,,,,,0,,,,,,0,,,,0,,,0,,,0,0,0
15218,Covarachía,Boyacá,,,39,61,34,,0,,,,,,0,,,,,,0,,,,0,,,0,,,0,0,0
15223,Cubará,Boyacá,,,57,43,27,,1,,1,,,,0,2,,2,1,,5,,,,0,,,0,,,0,11,11
15224,Cucaita,Boyacá,,,56,44,40,,0,,,,,,0,,,,,,0,,,,0,,,0,,,0,0,0
15226,Cuítiva,Boyacá,,,43,57,35,,0,,,,,,0,,,,,,0,,,,0,,,0,,,0,0,0
15232,Chíquiza,Boyacá,,,62,38,21,,0,,,,,,0,,,,,,0,,,,0,,,0,,,0,0,0
15236,Chivor,Boyacá,,,41,59,37,,0,,,,,,0,,,,,,0,,,,0,,,0,,,0,0,0
15238,Duitama,Boyacá,,,48,52,49,,0,,,,,,0,,,,,,0,,1,,1,,,0,,,0,2,2
15244,El Cocuy,Boyacá,,,31,69,34,,0,,,,,,0,,,,,,0,,,,0,,,0,,,0,0,0
15248,El Espino,Boyacá,,,35,65,43,,0,,,,,,0,,,,,,0,,,,0,,,0,,,0,0,0
15272,Firavitoba,Boyacá,,,63,37,37,,0,,,,,,0,,,,,,0,,,,0,,,0,,,0,0,0
15276,Floresta,Boyacá,,,40,60,44,,0,,,,,,0,,,,,,0,,,,0,,,0,,2,2,2,4
15293,Gachantivá,Boyacá,,,48,52,44,,0,,,,,,0,,,,,,0,,,,0,,,0,,,0,0,0
15296,Gameza,Boyacá,,,43,57,37,,0,,,,,,0,,,,,,0,,,,0,,,0,,,0,0,0
15299,Garagoa,Boyacá,,,50,50,44,,0,,,,,,0,,,,,,0,,,,0,,,0,,,0,0,0
15317,Guacamayas,Boyacá,,,20,80,38,,0,,,,,,0,,,,,,0,,,,0,,,0,,1,1,1,2
15322,Guateque,Boyacá,,,52,48,38,,0,,,,,,0,,,,,,0,,,,0,,,0,,,0,0,0
15325,Guayatá,Boyacá,,,58,42,40,,0,,,,,,0,,,,,,0,,,,0,,,0,,,0,0,0
15332,Güicán,Boyacá,,,48,52,40,,0,,,,,,0,,,2,,,2,,,,0,,,0,,,0,4,4
15362,Iza,Boyacá,,,44,56,39,,0,,,,,,0,,,,,,0,,,,0,,,0,,1,1,1,2
15367,Jenesano,Boyacá,,,64,36,31,,0,,,,,,0,,,,,,0,,,,0,,,0,,,0,0,0
15368,Jericó,Boyacá,,,39,61,30,,0,,,,,,0,,,,,,0,,,,0,,,0,,,0,0,0
15377,Labranzagrande,Boyacá,,,46,54,37,,0,,,,,,0,,,2,,,2,,,,0,,,0,,,0,4,4
15380,La Capilla,Boyacá,,,52,48,42,,0,,,,,,0,,,,,,0,,,,0,,,0,,,0,0,0
15401,La Victoria,Boyacá,,,32,68,37,,0,,,,,,0,,,,,,0,,,,0,,,0,2,,2,2,4
15403,La Uvita,Boyacá,,,75,25,38,,0,,,,,,0,,,,,,0,,,,0,,,0,,,0,0,0
15407,Villa de Leyva,Boyacá,,,52,48,48,,0,,,,,,0,,,,,,0,,,,0,,,0,,,0,0,0
15425,Macanal,Boyacá,,,39,61,34,,0,,,,,,0,,,,,,0,,,,0,,,0,,,0,0,0
15442,Maripí,Boyacá,,,75,25,30,,0,,,,,,0,,,,,,0,,,,0,,,0,,,0,0,0
15455,Miraflores,Boyacá,,,65,35,49,,0,,,,,,0,,,,,,0,,,,0,,,0,,,0,0,0
15464,Mongua,Boyacá,,,24,76,42,,0,,,,,,0,,,,,,0,,,,0,,,0,,,0,0,0
15466,Monguí,Boyacá,,,38,62,39,,0,,,,,,0,,,,,,0,,,,0,,,0,,,0,0,0
15469,Moniquirá,Boyacá,,,52,48,37,,0,,,,,,0,,,,,,0,,,,0,,,0,,,0,0,0
15476,Motavita,Boyacá,,,53,47,37,,0,,,,,,0,,,,,,0,,,,0,,,0,,1,1,1,2
15480,Muzo,Boyacá,,,37,63,34,,0,,,,,,0,,,,,,0,,,,0,,,0,,,0,0,0
15491,Nobsa,Boyacá,,,50,50,50,,0,,,,,,0,,,,,,0,,,,0,,,0,,1,1,1,2
15494,Nuevo Colón,Boyacá,,,64,36,39,,0,,,,,,0,,,,,,0,,,,0,,,0,,,0,0,0
15500,Oicatá,Boyacá,,,55,45,47,,0,,,,,,0,,,,,,0,,,,0,,,0,,,0,0,0
15507,Otanche,Boyacá,,,44,56,37,,0,,,,,,0,,,,,,0,,,,0,1,,1,,,0,2,2
15511,Pachavita,Boyacá,,,50,50,39,,0,,,,,,0,,,,,,0,,,,0,,,0,,,0,0,0
15514,Páez,Boyacá,,,48,52,53,,0,,,,,,0,,,,,,0,,,,0,,,0,,,0,0,0
15516,Paipa,Boyacá,,,56,44,46,,0,,,,,,0,,,,,,0,,,,0,,,0,,,0,0,0
15518,Pajarito,Boyacá,,,37,63,38,,0,,,,,,0,,,2,1,,3,,,,0,,,0,,,0,6,6
15522,Panqueba,Boyacá,,,46,54,40,,0,,,,,,0,,,,,,0,,,,0,,,0,,,0,0,0
15531,Pauna,Boyacá,,,65,35,36,,0,,,,,,0,,,,,,0,,,,0,,,0,,,0,0,0
15533,Paya,Boyacá,,,46,54,52,,0,,,,,,0,,,2,,,2,,,,0,,,0,1,,1,5,6
15537,Paz de Río,Boyacá,,,66,34,40,,0,,,,,,0,,,,,,0,,,,0,,,0,,,0,0,0
15542,Pesca,Boyacá,,,40,60,28,,0,,,,,,0,,,,,,0,,,,0,,,0,,,0,0,0
15550,Pisba,Boyacá,,,43,57,45,,0,,,,,,0,,,2,1,,3,,,,0,,,0,,,0,6,6
15572,Puerto Boyacá,Boyacá,,,31,69,41,,0,,,,,,0,,,,,,0,,1,,1,1,,1,,1,1,5,6
15580,Quípama,Boyacá,,,37,63,36,,0,,,,,,0,,,,,,0,,,,0,,,0,,,0,0,0
15599,Ramiriquí,Boyacá,,,54,46,32,,0,,,,,,0,,,,,,0,,,,0,,,0,,,0,0,0
15600,Ráquira,Boyacá,,,49,51,38,,0,,,,,,0,,,,,,0,,,,0,,,0,,,0,0,0
15621,Rondón,Boyacá,,,52,48,41,,0,,,,,,0,,,,,,0,,,,0,,,0,,,0,0,0
15632,Saboyá,Boyacá,,,64,36,38,,0,,,,,,0,,,,,,0,,,,0,,,0,,,0,0,0
15638,Sáchica,Boyacá,,,53,47,41,,0,,,,,,0,,,,,,0,,,,0,,,0,1,,1,1,2
15646,Samacá,Boyacá,,,50,50,36,,0,,,,,,0,,,,,,0,,,,0,,,0,,,0,0,0
15660,San Eduardo,Boyacá,,,64,36,49,,0,,,,,,0,,,,,,0,,,,0,,,0,,1,1,1,2
15664,San José de Pare,Boyacá,,,53,47,35,,0,,,,,,0,,,,,,0,,,,0,,,0,,,0,0,0
15667,San Luis de Gaceno,Boyacá,,,36,64,40,,0,,,,,,0,,,,,,0,,,,0,,,0,,,0,0,0
15673,San Mateo,Boyacá,,,34,66,32,,0,,,,,,0,,,,,,0,,,,0,,,0,,,0,0,0
15676,San Miguel de Sema,Boyacá,,,48,52,40,,0,,,,,,0,,,,,,0,,,,0,,,0,,,0,0,0
15681,San Pablo de Borbur,Boyacá,,,32,68,33,,0,,,,,,0,,,,,,0,,,,0,,,0,,,0,0,0
15686,Santana,Boyacá,,,52,48,32,,0,,,,,,0,,,,,,0,,,,0,,,0,,,0,0,0
15690,Santa María,Boyacá,,,40,60,34,,0,,,,,,0,,,,,,0,,,,0,,,0,,,0,0,0
15693,Santa Rosa de Viterbo,Boyacá,,,43,57,46,,0,,,,,,0,,,,,,0,,,,0,,,0,,,0,0,0
15696,Santa Sofía,Boyacá,,,62,38,35,,0,,,,,,0,,,,,,0,,,,0,,,0,,,0,0,0
15720,Sativanorte,Boyacá,,,51,49,32,,0,,,,,,0,,,,,,0,,,,0,,,0,,,0,0,0
15723,Sativasur,Boyacá,,,53,47,31,,0,,,,,,0,,,,,,0,,,,0,,,0,,1,1,1,2
15740,Siachoque,Boyacá,,,35,65,37,,0,,,,,,0,,,,,,0,,,,0,,,0,,,0,0,0
15753,Soatá,Boyacá,,,42,58,48,,0,,,,,,0,,,,,,0,,,,0,,,0,,,0,0,0
15755,Socotá,Boyacá,,,39,61,36,,0,,,,,,0,,,,,,0,,,,0,,,0,,,0,0,0
15757,Socha,Boyacá,,,50,50,39,,0,,,,,,0,,,,,,0,,,,0,,,0,,,0,0,0
15759,Sogamoso,Boyacá,,,49,51,47,,0,,,,,,0,2,,,,,2,,1,,1,,,0,,1,1,7,8
15761,Somondoco,Boyacá,,,61,39,32,,0,,,,,,0,,,,,,0,,,,0,,,0,,,0,0,0
15762,Sora,Boyacá,,,60,40,52,,0,,,,,,0,,,,,,0,,,,0,,,0,1,1,2,2,4
15763,Sotaquirá,Boyacá,,,52,48,38,,0,,,,,,0,,,,,,0,,,,0,,,0,,,0,0,0
15764,Soracá,Boyacá,,,33,67,43,,0,,,,,,0,,,,,,0,,,,0,,,0,,,0,0,0
15774,Susacón,Boyacá,,,63,37,45,,0,,,,,,0,,,,,,0,,,,0,,,0,,,0,0,0
15776,Sutamarchán,Boyacá,,,55,45,40,,0,,,,,,0,,,,,,0,,,,0,,,0,,,0,0,0
15778,Sutatenza,Boyacá,,,48,52,36,,0,,,,,,0,,,,,,0,,,,0,,,0,,,0,0,0
15790,Tasco,Boyacá,,,59,41,32,,0,,,,,,0,,,,,,0,,,,0,,,0,,,0,0,0
15798,Tenza,Boyacá,,,63,37,47,,0,,,,,,0,,,,,,0,,,,0,,,0,,,0,0,0
15804,Tibaná,Boyacá,,,64,36,29,,0,,,,,,0,,,,,,0,,,,0,,,0,,,0,0,0
15806,Tibasosa,Boyacá,,,52,48,43,,0,,,,,,0,,,,,,0,,,,0,,,0,,,0,0,0
15808,Tinjacá,Boyacá,,,56,44,46,,0,,,,,,0,,,,,,0,,,,0,,,0,,1,1,1,2
15810,Tipacoque,Boyacá,,,52,48,34,,0,,,,,,0,,,,,,0,,,,0,,,0,,,0,0,0
15814,Toca,Boyacá,,,49,51,34,,0,,,,,,0,,,,,,0,,,,0,,,0,,,0,0,0
15816,Togüí,Boyacá,,,56,44,23,,0,,,,,,0,,,,,,0,3,,,3,,,0,,,0,6,6
15820,Tópaga,Boyacá,,,41,59,47,,0,,,,,,0,,,,,,0,,,,0,,,0,,1,1,1,2
15822,Tota,Boyacá,,,35,65,23,,0,,,,,,0,,,,,,0,,,,0,,,0,,,0,0,0
15832,Tununguá,Boyacá,,,72,28,50,,0,,,,,,0,,,,,,0,,,,0,,,0,,,0,0,0
15835,Turmequé,Boyacá,,,67,33,31,,0,,,,,,0,,,,,,0,,,,0,,,0,,,0,0,0
15837,Tuta,Boyacá,,,51,49,43,,0,,,,,,0,,,,,,0,,,,0,,,0,,1,1,1,2
15839,Tutazá,Boyacá,,,54,46,52,,0,,,,,,0,,,,,,0,,,,0,,,0,,1,1,1,2
15842,Umbita,Boyacá,,,44,56,39,,0,,,,,,0,,,,,,0,,,,0,,,0,,,0,0,0
15861,Ventaquemada,Boyacá,,,48,52,31,,0,,,,,,0,,,,,,0,,,,0,,,0,,,0,0,0
15879,Viracachá,Boyacá,,,43,57,32,,0,,,,,,0,,,,,,0,,,,0,,,0,,,0,0,0
15897,Zetaquira,Boyacá,,,66,34,36,,0,,,,,,0,,,,,,0,,,,0,,,0,,,0,0,0
,Total,Boyacá,188840,188170,50.08,49.91,41.74,387666,,123,1,0,0,1,1,,,,,,0,,,,0,,,0,,,0,,0
17001,Manizales,Caldas,,,49,51,48,,2,,,2,,,0,,2,,,,2,3,1,,4,,1,1,,3,3,19,22
17013,Aguadas,Caldas,,,29,71,37,,0,,,,,,0,,1,,,,1,,,,0,,,0,,1,1,3,4
17042,Anserma,Caldas,,,31,69,40,,0,,,,,,0,,,,,,0,,,,0,,,0,,1,1,1,2
17050,Aranzazu,Caldas,,,40,60,36,,0,,,,,,0,,,,,,0,,,,0,,,0,,,0,0,0
17088,Belalcázar,Caldas,,,42,58,38,,0,,,,,,0,,,,,,0,,,,0,,,0,,,0,0,0
17174,Chinchiná,Caldas,,,37,63,39,,0,,,,,,0,,,,,,0,,,,0,,,0,,,0,0,0
17272,Filadelfia,Caldas,,,43,57,35,,0,,,,,,0,,,,,,0,,,,0,,,0,,,0,0,0
17380,La Dorada,Caldas,,,34,66,37,,0,,,,,,0,,1,,,,1,,,,0,,1,1,,2,2,6,8
17388,La Merced,Caldas,,,44,56,37,,0,,,,,,0,,,,,,0,,,,0,,1,1,,,0,2,2
17433,Manzanares,Caldas,,,36,64,33,,0,,,,,,0,,,,,,0,,,,0,,1,1,1,,1,3,4
17442,Marmato,Caldas,,,31,69,25,,0,,,,,,0,,,,,,0,,,,0,,2,2,,,0,4,4
17444,Marquetalia,Caldas,,,37,63,36,,0,,,,,,0,,,,,,0,,,,0,,,0,,,0,0,0
17446,Marulanda,Caldas,,,50,50,31,,0,,,,,,0,,,,,,0,,,,0,,,0,,,0,0,0
17486,Neira,Caldas,,,35,65,35,,0,,,,,,0,,,,,,0,,,,0,,,0,,1,1,1,2
17495,Norcasia,Caldas,,,43,57,37,,0,,,,,,0,,,,,,0,,,,0,,2,2,,,0,4,4
17513,Pácora,Caldas,,,36,64,37,,0,,,,,,0,,,,,,0,,,,0,,2,2,,,0,4,4
17524,Palestina,Caldas,,,43,57,30,,0,,,,,,0,,,,,,0,,,,0,,,0,,,0,0,0
17541,Pensilvania,Caldas,,,32,68,37,,0,,,,,,0,,,,,,0,,,,0,,2,2,,,0,4,4
17614,Riosucio,Caldas,,,42,58,40,,1,,1,,,,0,,2,,,,2,,,,0,,1,1,,2,2,9,11
17616,Risaralda,Caldas,,,32,68,28,,0,,,,,,0,,,,,,0,,,,0,,,0,,,0,0,0
17653,Salamina,Caldas,,,41,59,34,,0,,,,,,0,,,,,,0,,,,0,,,0,,,0,0,0
17662,Samaná,Caldas,,,44,56,41,,0,,,,,,0,,,,,,0,,,,0,,1,1,,,0,2,2
17665,San José,Caldas,,,43,57,30,,0,,,,,,0,,,,,,0,,,,0,,,0,,,0,0,0
17777,Supía,Caldas,,,33,67,37,,0,,,,,,0,,,,,,0,,1,,1,,1,1,,3,3,7,10
17867,Victoria,Caldas,,,42,58,37,,0,,,,,,0,,,,,,0,,,,0,,1,1,,,0,2,2
17873,Villamaría,Caldas,,,43,57,47,,0,,,,,,0,,,,,,0,,,,0,,,0,,2,2,2,4
17877,Viterbo,Caldas,,,27,73,41,,0,,,,,,0,,,,,,0,,,,0,,,0,,,0,0,0
,Total,Caldas,135540,180366,42.9,57.09,41.82,325680,,27,1,1,0,2,7,,,,,,0,,,,0,,,0,,,0,,0
18001,Florencia,Caquetá,,,39,61,34,,2,,,2,,,0,2,,,1,,3,3,1,,4,1,,1,,,0,18,18
18029,Albania,Caquetá,,,35,65,36,,0,,,,,,0,,,,,,0,,,,0,1,,1,,,0,2,2
18094,Belén de Los Andaquies,Caquetá,,,40,60,34,,0,,,,,,0,,,,1,,1,,,,0,2,,2,,,0,6,6
18150,Cartagena del Chairá,Caquetá,,,74,26,26,,3,,,,3,,0,,,,1,1,2,,,,0,1,,1,3,,3,12,15
18205,Curillo,Caquetá,,,41,59,25,,0,,,,,,0,,,,,,0,,,,0,3,,3,1,,1,7,8
18247,El Doncello,Caquetá,,,39,61,27,,2,,,2,,,0,,,,1,,1,3,1,,4,2,,2,1,,1,17,18
18256,El Paujil,Caquetá,,,45,55,23,,0,,,,,,0,,,,1,,1,,,,0,2,,2,2,,2,8,10
18410,La Montañita,Caquetá,,,74,26,30,,3,,,,3,,0,,,,1,1,2,,,,0,3,,3,2,,2,15,17
18460,Milán,Caquetá,,,56,44,20,,0,,,,,,0,,,,1,,1,,,,0,2,,2,1,,1,7,8
18479,Morelia,Caquetá,,,35,65,32,,0,,,,,,0,,,,,,0,,,,0,1,,1,,,0,2,2
18592,Puerto Rico,Caquetá,,,50,50,29,,2,,,2,,,0,,,,1,,1,3,,,3,2,,2,2,,2,16,18
18610,San José del Fragua,Caquetá,,,40,60,33,,2,,,2,,,0,,,,,,0,3,,,3,3,1,4,,,0,16,16
18753,San Vicente del Caguán,Caquetá,,,63,37,31,,3,,,,3,,0,2,,,1,1,4,3,,,3,1,,1,3,,3,22,25
18756,Solano,Caquetá,,,77,23,26,,1,,1,,,,0,,,,1,,1,,,,0,1,,1,3,,3,8,11
18785,Solita,Caquetá,,,38,62,23,,0,,,,,,0,,,,,,0,,,,0,1,,1,1,,1,3,4
18860,Valparaíso,Caquetá,,,47,53,26,,0,,,,,,0,,,,,,0,,,,0,1,,1,,,0,2,2
,Total,Caquetá,39197,44282,46.95,53.04,30.41,85490,,16,1,4,3,8,50,,,,,,0,,,,0,,,0,,,0,,0
19001,Popayán,Cauca,,,59,41,42,,2,,,2,,,0,2,2,2,,,6,3,1,,4,,,0,,,0,22,22
19022,Almaguer,Cauca,,,83,17,30,,2,,,2,,,0,,,2,,,2,3,,,3,2,,2,,,0,16,16
19050,Argelia,Cauca,,,89,11,38,,2,,,2,,,0,,,2,1,,3,,,,0,3,,3,,,0,14,14
19075,Balboa,Cauca,,,86,14,34,,2,,,2,,,0,2,,2,1,,5,,,,0,2,,2,,,0,16,16
19100,Bolívar,Cauca,,,65,35,27,,2,,,2,,,0,,,2,1,,3,3,,,3,2,1,3,,,0,20,20
19110,Buenos Aires,Cauca,,,72,28,43,,3,,,,3,,0,,,2,1,1,4,3,1,,4,1,2,3,,2,2,27,29
19130,Cajibío,Cauca,,,71,29,31,,2,,,2,,,0,,,2,1,,3,,,,0,2,,2,,,0,12,12
19137,Caldono,Cauca,,,80,20,43,,3,,,,3,,0,,,,1,1,2,,1,,1,,,0,,1,1,10,11
19142,Caloto,Cauca,,,73,27,47,,2,,,2,,,0,2,1,,1,,4,3,,,3,1,1,2,,,0,20,20
19212,Corinto,Cauca,,,69,31,49,,3,,,,3,,0,2,,,1,1,4,3,,,3,1,,1,,,0,19,19
19256,El Tambo,Cauca,,,59,41,35,,3,,,,3,,0,2,2,2,1,,7,3,,,3,3,1,4,,,0,31,31
19290,Florencia,Cauca,,,75,25,47,,1,,1,,,,0,,,2,,,2,3,,,3,,,0,,,0,11,11
19300,Guachené,Cauca,,,71,29,50,,0,,,,,,0,,,,,,0,,,,0,,1,1,,1,1,3,4
19318,Guapi,Cauca,,,93,7,32,,1,,1,,,,0,,,2,1,,3,,,,0,1,1,2,,,0,11,11
19355,Inzá,Cauca,,,74,26,28,,0,,,,,,0,,,,1,,1,,,,0,1,,1,,,0,4,4
19364,Jambaló,Cauca,,,86,14,49,,0,,,,,,0,,,,1,,1,,1,,1,,,0,,,0,4,4
19392,La Sierra,Cauca,,,61,39,33,,1,,1,,,,0,,,2,,,2,,,,0,1,2,3,,1,1,12,13
19397,La Vega,Cauca,,,77,23,35,,1,,1,,,,0,,,2,,,2,,,,0,2,1,3,,,0,11,11
19418,López,Cauca,,,94,6,35,,3,,,,3,,0,,,2,1,,3,,,3,3,2,2,4,,1,1,24,25
19450,Mercaderes,Cauca,,,77,23,31,,2,,,2,,,0,2,,2,1,,5,,,,0,2,,2,,,0,16,16
19455,Miranda,Cauca,,,64,36,51,,2,,,2,,,0,,1,,1,,2,3,,,3,1,,1,,,0,14,14
19473,Morales,Cauca,,,61,39,35,,0,,,,,,0,,,,1,,1,,,,0,2,,2,,,0,6,6
19513,Padilla,Cauca,,,75,25,47,,0,,,,,,0,,,,1,,1,,,,0,,,0,,1,1,3,4
19517,Paez,Cauca,,,72,28,35,,0,,,,,,0,,,,1,,1,,,,0,1,,1,,,0,4,4
19532,Patía,Cauca,,,72,28,32,,2,,,2,,,0,,1,2,1,,4,,1,,1,2,1,3,1,,1,19,20
19533,Piamonte,Cauca,,,67,33,31,,2,,,2,,,0,,,2,1,,3,,,,0,3,1,4,1,,1,17,18
19548,Piendamó,Cauca,,,53,47,35,,1,,1,,,,0,,,,1,,1,3,1,,4,,,0,,,0,11,11
19573,Puerto Tejada,Cauca,,,67,33,41,,0,,,,,,0,,,,,,0,,,,0,,,0,,3,3,3,6
19585,Puracé,Cauca,,,64,36,28,,0,,,,,,0,,,2,1,,3,,,,0,,,0,,,0,6,6
19622,Rosas,Cauca,,,60,40,37,,2,,,2,,,0,2,,2,1,,5,,,,0,1,1,2,,,0,16,16
19693,San Sebastián,Cauca,,,79,21,38,,1,,1,,,,0,,,2,1,,3,,,,0,2,,2,,,0,11,11
19698,Santander de Quilichao,Cauca,,,58,42,40,,3,,,,3,,0,,2,2,1,,5,3,1,,4,,2,2,,,0,25,25
19701,Santa Rosa,Cauca,,,65,35,31,,0,,,,,,0,,,2,,,2,,,,0,,,0,,,0,4,4
19743,Silvia,Cauca,,,76,24,36,,0,,,,,,0,,,,1,,1,,,,0,1,,1,,,0,4,4
19760,Sotara,Cauca,,,68,32,43,,0,,,,,,0,,,,,,0,,,,0,1,,1,,,0,2,2
19780,Suárez,Cauca,,,82,18,33,,1,,1,,,,0,,,,1,,1,,,,0,2,1,3,,,0,9,9
19785,Sucre,Cauca,,,67,33,39,,1,,1,,,,0,,,2,1,,3,,,,0,2,,2,1,,1,12,13
19807,Timbío,Cauca,,,55,45,38,,0,,,,,,0,,,,,,0,,,,0,,,0,,,0,0,0
19809,Timbiquí,Cauca,,,94,6,44,,2,,,2,,,0,,,2,1,,3,,,,0,2,2,4,,,0,16,16
19821,Toribio,Cauca,,,85,15,49,,1,,1,,,,0,,,,1,,1,3,,,3,1,,1,,,0,11,11
19824,Totoró,Cauca,,,75,25,33,,0,,,,,,0,2,,,1,,3,,,,0,,,0,,,0,6,6
19845,Villa Rica,Cauca,,,70,30,44,,0,,,,,,0,,,,,,0,,,,0,,,0,,3,3,3,6
,Total,Cauca,235219,113776,67.39,32.6,38.98,361577,,42,9,13,6,28,67,,,,,,0,,,,0,,,0,,,0,,0
20001,Valledupar,Cesar,,,52,48,31,,2,,,2,,,0,2,3,,,,5,,1,,1,,,0,,,0,14,14
20011,Aguachica,Cesar,,,31,69,41,,2,,,2,,,0,,2,2,1,,5,3,,,3,,,0,,,0,18,18
20013,Agustín Codazzi,Cesar,,,48,52,29,,2,,,2,,,0,,2,,,,2,3,,,3,,,0,,,0,12,12
20032,Astrea,Cesar,,,53,47,27,,0,,,,,,0,,,,,,0,,,,0,,,0,,,0,0,0
20045,Becerril,Cesar,,,61,39,32,,2,,,2,,,0,,,,,,0,3,,3,6,1,,1,,,0,16,16
20060,Bosconia,Cesar,,,58,42,33,,0,,,,,,0,,,,,,0,,,,0,,,0,,,0,0,0
20175,Chimichagua,Cesar,,,54,46,27,,0,,,,,,0,,,,,,0,,,,0,,,0,,,0,0,0
20178,Chiriguaná,Cesar,,,59,41,32,,2,,,2,,,0,2,,2,,,4,3,,,3,,,0,,,0,16,16
20228,Curumaní,Cesar,,,59,41,30,,0,,,,,,0,,,2,1,,3,,,,0,,,0,,,0,6,6
20238,El Copey,Cesar,,,65,35,27,,0,,,,,,0,,,,,,0,,,,0,,,0,,,0,0,0
20250,El Paso,Cesar,,,64,36,33,,0,,,,,,0,,,,,,0,,,,0,,,0,,,0,0,0
20295,Gamarra,Cesar,,,33,52,34,,0,,,,,,0,,,,,,0,,,,0,,,0,,,0,0,0
20310,González,Cesar,,,52,48,32,,0,,,,,,0,,,,,,0,,,,0,2,,2,,,0,4,4
20383,La Gloria,Cesar,,,51,49,36,,0,,,,,,0,,,,,,0,,,,0,,,0,,,0,0,0
20400,La Jagua de Ibirico,Cesar,,,54,46,39,,0,,,,,,0,,1,,,,1,,,,0,1,,1,,,0,4,4
20443,Manaure,Cesar,,,61,39,44,,0,,,,,,0,,,,,,0,,1,,1,,,0,,1,1,3,4
20517,Pailitas,Cesar,,,60,40,35,,0,,,,,,0,,,,,,0,,,,0,,,0,,,0,0,0
20550,Pelaya,Cesar,,,48,52,36,,0,,,,,,0,,,,,,0,,,,0,,,0,,,0,0,0
20570,Pueblo Bello,Cesar,,,68,32,15,,0,,,,,,0,,,,,,0,3,,,3,,,0,,,0,6,6
20614,Río de Oro,Cesar,,,37,63,32,,0,,,,,,0,,,2,,,2,,,,0,,,0,,,0,4,4
20621,La Paz,Cesar,,,58,42,33,,3,,,,3,,0,,,,,1,1,,,,0,1,,1,,,0,7,7
20710,San Alberto,Cesar,,,38,62,37,,0,,,,,,0,,1,,,,1,,,,0,1,,1,,,0,4,4
20750,San Diego,Cesar,,,61,39,36,,0,,,,,,0,,1,,1,,2,,,,0,,,0,,,0,4,4
20770,San Martín,Cesar,,,35,65,40,,0,,,,,,0,,1,,,,1,,,,0,1,,1,,,0,4,4
20787,Tamalameque,Cesar,,,68,32,28,,0,,,,,,0,,,,,,0,,,,0,,,0,,,0,0,0
,Total,Cesar,120595,117446,50.66,49.33,32.53,243022,,25,0,5,1,6,24,,,,,,0,,,,0,,,0,,,0,,0
23001,Montería,Córdoba,,,48.02,51.97,30.79,,2,,,2,,,0,3,2,,,,5,3,1,,4,,,0,,,0,20,20
23068,Ayapel,Córdoba,,,59.17,40.82,22.41,,2,,,2,,,0,3,,,,,3,,,,0,,3,3,,,0,14,14
23079,Buenavista,Córdoba,,,72.42,27.57,32.39,,0,,,,,,0,3,,,,,3,,1,,1,,,0,,,0,8,8
23090,Canalete,Córdoba,,,77.26,22.73,21.54,,2,,,2,,,0,3,,,,,3,3,,,3,,,0,,,0,14,14
23162,Cereté,Córdoba,,,51.23,48.76,32.71,,0,,,,,,0,3,,,,,3,,,,0,,,0,,,0,6,6
23168,Chimá,Córdoba,,,72.13,27.86,31.13,,0,,,,,,0,2,,,,,2,,,,0,,,0,,,0,4,4
23182,Chinú,Córdoba,,,50.34,49.65,37.25,,0,,,,,,0,,,,,,0,,,,0,,,0,1,,1,1,2
23189,Ciénaga de Oro,Córdoba,,,63.01,36.98,36.14,,0,,,,,,0,,,,,,0,,,,0,,,0,,,0,0,0
23300,Cotorra,Córdoba,,,65.52,34.47,29.39,,0,,,,,,0,,,,,,0,,,,0,,,0,1,,1,1,2
23350,La Apartada,Córdoba,,,67.58,32.41,31.29,,0,,,,,,0,,,,,,0,,,,0,,1,1,,,0,2,2
23417,Lorica,Córdoba,,,67.67,32.32,31.2,,0,,,,,,0,3,,,,,3,,,,0,,,0,,,0,6,6
23419,Los Córdobas,Córdoba,,,77.75,22.24,35.28,,1,,1,,,,0,3,1,,,,4,,,,0,,,0,,,0,9,9
23464,Momil,Córdoba,,,67.86,32.13,32.63,,0,,,,,,0,,,,,,0,,,,0,,,0,,,0,0,0
23466,Montelíbano,Córdoba,,,58.17,41.82,34.11,,2,,,2,,,0,2,1,,1,,4,3,1,,4,2,1,3,,,0,24,24
23500,Moñitos,Córdoba,,,79.51,20.48,30,,0,,,,,,0,3,,,,,3,,,,0,,,0,,,0,6,6
23555,Planeta Rica,Córdoba,,,58.15,41.84,28.69,,0,,,,,,0,2,1,,,,3,,,,0,,,0,,,0,6,6
23570,Pueblo Nuevo,Córdoba,,,66.78,33.21,31.98,,0,,,,,,0,3,,,,,3,,,,0,,,0,,,0,6,6
23574,Puerto Escondido,Córdoba,,,77.36,22.63,30.42,,0,,,,,,0,,,,,,0,,,,0,,,0,,,0,0,0
23580,Puerto Libertador,Córdoba,,,75.92,24.07,40.26,,3,,,,3,,0,3,2,,1,,6,,,3,3,2,1,3,,,0,27,27
23586,Purísima,Córdoba,,,52.58,47.41,29.09,,0,,,,,,0,,,,,,0,,,,0,,,0,,,0,0,0
23660,Sahagún,Córdoba,,,62.82,37.17,34.33,,0,,,,,,0,,,,,,0,,,,0,,,0,,,0,0,0
23670,San Andrés Sotavento,Córdoba,,,72.98,27.01,38.87,,0,,,,,,0,,,,,,0,,,,0,,,0,1,,1,1,2
23672,San Antero,Córdoba,,,62.55,37.44,34.22,,0,,,,,,0,,,,,,0,,,,0,,,0,,,0,0,0
23675,San Bernardo del Viento,Córdoba,,,80.17,19.82,27.89,,0,,,,,,0,,,,,,0,,,,0,,,0,,,0,0,0
23678,San Carlos,Córdoba,,,58.72,41.27,18.88,,0,,,,,,0,,,,,,0,,,,0,,,0,,,0,0,0
23682,San José de Uré,Córdoba,,,80.98,19.01,38.97,,2,,,2,,,0,3,,,,,3,,,,0,2,2,4,,,0,16,16
23686,San Pelayo,Córdoba,,,67.15,32.84,31.62,,0,,,,,,0,,,,,,0,,1,,1,,,0,,,0,2,2
23807,Tierralta,Córdoba,,,69.76,30.23,30.66,,3,,,,3,,0,3,3,,1,1,8,,,,0,2,1,3,,,0,25,25
23815,Tuchín,Córdoba,,,68.12,31.87,38.6,,0,,,,,,0,,,,,,0,,,,0,,,0,1,,1,1,2
23855,Valencia,Córdoba,,,68.68,68.68,27.27,,1,,1,,,,0,3,,,,,3,,,,0,1,,1,,,0,9,9
,Total,Córdoba,225223,145611,60.73,39.26,31.65,378979,,30,2,5,2,9,30,,,,,,0,,,,0,,,0,,,0,,0
25001,Agua de Dios,Cundinamarca,,,44.86,55.13,40.06,,0,,,,,,0,,,,,,0,,,,0,,,0,,,0,0,0
25019,Albán,Cundinamarca,,,38.95,61.04,35.9,,0,,,,,,0,,,,,,0,,,,0,,,0,,,0,0,0
25035,Anapoima,Cundinamarca,,,44.88,55.11,40.36,,0,,,,,,0,,,,,,0,,,,0,,,0,,,0,0,0
25040,Anolaima,Cundinamarca,,,40.82,59.17,37.75,,0,,,,,,0,,,,,,0,,,,0,,,0,,,0,0,0
25053,Arbeláez,Cundinamarca,,,38.9,61.09,44.23,,0,,,,,,0,,,,,,0,,,,0,,,0,,,0,0,0
25086,Beltrán,Cundinamarca,,,49.69,50.3,33.26,,0,,,,,,0,,,,,,0,,,,0,,,0,,,0,0,0
25095,Bituima,Cundinamarca,,,53.41,46.58,30.85,,0,,,,,,0,,,,,,0,,,,0,,,0,,,0,0,0
25099,Bojacá,Cundinamarca,,,39.82,60.17,54.43,,0,,,,,,0,,,,,,0,,,,0,,,0,,,0,0,0
25120,Cabrera,Cundinamarca,,,74.12,25.87,41.5,,0,,,,,,0,,,,,,0,,,,0,,,0,,,0,0,0
25123,Cachipay,Cundinamarca,,,48.98,51.01,40.06,,0,,,,,,0,,,,,,0,,,,0,,,0,,,0,0,0
25126,Cajicá,Cundinamarca,,,45.67,54.32,52.37,,0,,,,,,0,,,,,,0,,,,0,,,0,,1,1,1,2
25148,Caparrapí,Cundinamarca,,,36.04,63.95,33.22,,0,,,,,,0,,,,,,0,,,,0,,,0,,,0,0,0
25151,Caqueza,Cundinamarca,,,37.09,62.9,38.53,,0,,,,,,0,,,,,,0,,,,0,,,0,,,0,0,0
25154,Carmen de Carupa,Cundinamarca,,,37.73,62.26,34.32,,0,,,,,,0,,,,,,0,,,,0,,,0,,,0,0,0
25168,Chaguaní,Cundinamarca,,,50.65,49.34,41.02,,0,,,,,,0,,,,,,0,,,,0,,,0,,1,1,1,2
25175,Chía,Cundinamarca,,,50,49.99,52.85,,0,,,,,,0,,,,,,0,,,,0,,,0,,1,1,1,2
25178,Chipaque,Cundinamarca,,,31,68.99,39.38,,0,,,,,,0,,,,,,0,,,,0,,,0,,,0,0,0
25181,Choachí,Cundinamarca,,,34.08,65.91,41.87,,0,,,,,,0,,,,,,0,,,,0,,,0,,,0,0,0
25183,Chocontá,Cundinamarca,,,36.32,63.67,40.3,,0,,,,,,0,,,,,,0,,,,0,,,0,,,0,0,0
25200,Cogua,Cundinamarca,,,40.54,59.45,52.34,,0,,,,,,0,,,,,,0,,,,0,,,0,,,0,0,0
25214,Cota,Cundinamarca,,,45.97,54.02,43.9,,0,,,,,,0,,,,,,0,,,,0,,,0,,,0,0,0
25224,Cucunubá,Cundinamarca,,,34.68,65.31,45.9,,0,,,,,,0,,,,,,0,,,,0,,,0,,,0,0,0
25245,El Colegio,Cundinamarca,,,44.72,55.27,37.89,,0,,,,,,0,,,,,,0,,,,0,,,0,,,0,0,0
25258,El Peñón,Cundinamarca,,,39.17,60.82,31.62,,0,,,,,,0,,,,,,0,,,,0,,,0,,,0,0,0
25260,El Rosal,Cundinamarca,,,32.2,67.79,57.52,,0,,,,,,0,,,,,,0,,,,0,,,0,,,0,0,0
25269,Facatativá,Cundinamarca,,,41.11,58.88,53.94,,0,,,,,,0,,,,,,0,,,,0,,,0,,3,3,3,6
25279,Fomeque,Cundinamarca,,,28.84,71.15,42.02,,0,,,,,,0,,,,,,0,,,,0,,,0,,,0,0,0
25281,Fosca,Cundinamarca,,,21.86,78.13,36.87,,0,,,,,,0,,,,,,0,,,,0,,,0,,,0,0,0
25286,Funza,Cundinamarca,,,43.87,56.12,51.27,,0,,,,,,0,,,,,,0,,,,0,,,0,,2,2,2,4
25288,Fúquene,Cundinamarca,,,48.28,51.71,42.06,,0,,,,,,0,,,,,,0,,,,0,,,0,,,0,0,0
25290,Fusagasugá,Cundinamarca,,,43.4,56.59,43.26,,0,,,,,,0,2,,,,,2,,,,0,,,0,,,0,4,4
25293,Gachala,Cundinamarca,,,48.13,51.86,30.45,,0,,,,,,0,,,,,,0,,,,0,,,0,,,0,0,0
25295,Gachancipá,Cundinamarca,,,37.89,62.1,51.66,,0,,,,,,0,,,,,,0,,,,0,,,0,,,0,0,0
25297,Gachetá,Cundinamarca,,,34.44,65.55,34.64,,0,,,,,,0,,,,,,0,,,,0,,,0,,,0,0,0
25299,Gama,Cundinamarca,,,46.99,53,38.38,,0,,,,,,0,,,,,,0,,,,0,,,0,,,0,0,0
25307,Girardot,Cundinamarca,,,36.87,63.12,41.03,,0,,,,,,0,,,,,,0,,,,0,,,0,,1,1,1,2
25312,Granada,Cundinamarca,,,46.6,53.39,40.33,,0,,,,,,0,,,,,,0,,,,0,,,0,,,0,0,0
25317,Guachetá,Cundinamarca,,,41.55,58.44,41.52,,0,,,,,,0,,,,,,0,,,,0,,,0,,1,1,1,2
25320,Guaduas,Cundinamarca,,,41.1,58.89,38.31,,0,,,,,,0,,,,,,0,,,,0,,,0,,,0,0,0
25322,Guasca,Cundinamarca,,,35.41,64.58,43.66,,0,,,,,,0,,,,,,0,,,,0,,,0,,,0,0,0
25324,Guataquí,Cundinamarca,,,56.69,43.3,33.19,,0,,,,,,0,,,,,,0,,,,0,,,0,,,0,0,0
25326,Guatavita,Cundinamarca,,,38.8,61.19,43.19,,0,,,,,,0,,,,,,0,,,,0,,,0,,,0,0,0
25328,Guayabal de Siquima,Cundinamarca,,,49.34,50.65,43.17,,0,,,,,,0,,,,,,0,,,,0,,,0,,,0,0,0
25335,Guayabetal,Cundinamarca,,,25.86,74.13,45.39,,0,,,,,,0,,,,,,0,,,,0,,,0,,,0,0,0
25339,Gutiérrez,Cundinamarca,,,36.61,63.38,49.9,,0,,,,,,0,,,,,,0,,,,0,,,0,,3,3,3,6
25368,Jerusalén,Cundinamarca,,,54.79,45.2,32.88,,0,,,,,,0,,,,,,0,,,,0,,,0,,,0,0,0
25372,Junín,Cundinamarca,,,40.41,59.58,32.02,,0,,,,,,0,,,,,,0,,,,0,,,0,,,0,0,0
25377,La Calera,Cundinamarca,,,53.37,46.62,45.74,,0,,,,,,0,,,,,,0,,,,0,,,0,,,0,0,0
25386,La Mesa,Cundinamarca,,,50.37,49.62,37.52,,0,,,,,,0,,,,,,0,,,,0,,,0,,,0,0,0
25394,La Palma,Cundinamarca,,,61.17,38.82,33.84,,0,,,,,,0,,,,,,0,,,,0,,,0,2,,2,2,4
25398,La Peña,Cundinamarca,,,25.54,74.45,37.14,,0,,,,,,0,,,,,,0,,,,0,,,0,,,0,0,0
25402,La Vega,Cundinamarca,,,45.68,54.31,44.31,,0,,,,,,0,,,,,,0,,,,0,,,0,,,0,0,0
25407,Lenguazaque,Cundinamarca,,,39.75,60.24,37.84,,0,,,,,,0,,,,,,0,,,,0,,,0,,,0,0,0
25426,Macheta,Cundinamarca,,,43.05,56.94,29.87,,0,,,,,,0,,,,,,0,,,,0,,,0,,,0,0,0
25430,Madrid,Cundinamarca,,,37.75,62.24,52.27,,0,,,,,,0,,,,,,0,,,,0,,,0,,3,3,3,6
25436,Manta,Cundinamarca,,,50.23,49.76,42.31,,0,,,,,,0,,,,,,0,,,,0,,,0,,,0,0,0
25438,Medina,Cundinamarca,,,35.43,64.56,44.8,,0,,,,,,0,,,,,,0,,,,0,,,0,,1,1,1,2
25473,Mosquera,Cundinamarca,,,44.12,55.87,52.06,,0,,,,,,0,,,,,,0,,1,,1,,,0,,1,1,3,4
25483,Nariño,Cundinamarca,,,47.63,52.36,29.5,,0,,,,,,0,,,,,,0,,,,0,,,0,,,0,0,0
25486,Nemocón,Cundinamarca,,,36.75,63.24,50.06,,0,,,,,,0,,,,,,0,,,,0,,,0,,,0,0,0
25488,Nilo,Cundinamarca,,,55.79,44.2,40.45,,0,,,,,,0,,,,,,0,,,,0,,,0,,,0,0,0
25489,Nimaima,Cundinamarca,,,41.86,58.13,42.05,,0,,,,,,0,,,,,,0,,,,0,,,0,,,0,0,0
25491,Nocaima,Cundinamarca,,,58.55,41.44,42.38,,0,,,,,,0,,,,,,0,,,,0,,,0,,,0,0,0
25506,Venecia,Cundinamarca,,,56.89,43.1,34.05,,0,,,,,,0,,,,1,,1,,,,0,,,0,,,0,2,2
25513,Pacho,Cundinamarca,,,48.48,51.51,38.55,,0,,,,,,0,,,,,,0,,,,0,,,0,,,0,0,0
25518,Paime,Cundinamarca,,,52.53,47.46,32.84,,0,,,,,,0,,,,,,0,,,,0,,,0,,1,1,1,2
25524,Pandi,Cundinamarca,,,53.73,46.26,34.23,,0,,,,,,0,,,,,,0,,,,0,,,0,,,0,0,0
25530,Paratebueno,Cundinamarca,,,41.22,58.77,44.14,,0,,,,,,0,,,,,,0,,,,0,,,0,,,0,0,0
25535,Pasca,Cundinamarca,,,57.12,42.87,37.17,,0,,,,,,0,,,,,,0,,,,0,,,0,,,0,0,0
25572,Puerto Salgar,Cundinamarca,,,33.25,66.74,33.98,,0,,,,,,0,,,,,,0,,,,0,,,0,,1,1,1,2
25580,Pulí,Cundinamarca,,,48.39,51.6,32.84,,0,,,,,,0,,,,,,0,,,,0,,,0,,,0,0,0
25592,Quebradanegra,Cundinamarca,,,29.68,70.31,41.31,,0,,,,,,0,,,,,,0,,,,0,,,0,,,0,0,0
25594,Quetame,Cundinamarca,,,32.32,67.67,43.49,,0,,,,,,0,,,,,,0,,,,0,,,0,,,0,0,0
25596,Quipile,Cundinamarca,,,36.39,63.6,34.14,,0,,,,,,0,,,,,,0,,,,0,,,0,,,0,0,0
25599,Apulo,Cundinamarca,,,50.15,49.84,39.4,,0,,,,,,0,,,,,,0,,,,0,,,0,,,0,0,0
25612,Ricaurte,Cundinamarca,,,44.84,55.15,36.29,,0,,,,,,0,,,,,,0,,,,0,,,0,,,0,0,0
25645,San Antonio del Tequendama,Cundinamarca,,,51.46,48.53,38.9,,0,,,,,,0,,,,,,0,,,,0,,,0,,,0,0,0
25649,San Bernardo,Cundinamarca,,,47.71,52.28,35.43,,0,,,,,,0,,,,,,0,,,,0,,,0,,,0,0,0
25653,San Cayetano,Cundinamarca,,,48.5,51.49,31.58,,0,,,,,,0,,,,,,0,,,,0,,,0,,,0,0,0
25658,San Francisco,Cundinamarca,,,35.98,64.01,39.58,,0,,,,,,0,,,,,,0,,,,0,,,0,,,0,0,0
25662,San Juan de Río Seco,Cundinamarca,,,45.11,54.88,38.45,,0,,,,,,0,,,,,,0,,,,0,,,0,,,0,0,0
25718,Sasaima,Cundinamarca,,,34.8,65.19,38.63,,0,,,,,,0,,,,,,0,,,,0,,,0,,,0,0,0
25736,Sesquilé,Cundinamarca,,,39.63,60.36,49.97,,0,,,,,,0,,,,,,0,,,,0,,,0,,,0,0,0
25740,Sibaté,Cundinamarca,,,39.9,60.09,43.96,,0,,,,,,0,,,,,,0,,,,0,,,0,,,0,0,0
25743,Silvania,Cundinamarca,,,47.81,52.18,39.15,,0,,,,,,0,,,,,,0,,,,0,,,0,,,0,0,0
25745,Simijaca,Cundinamarca,,,35.98,64.01,39.11,,0,,,,,,0,,,,,,0,,,,0,,,0,,,0,0,0
25754,Soacha,Cundinamarca,,,47.58,52.41,45.09,,2,,,2,,,0,2,2,,,,4,3,,,3,,,0,,3,3,19,22
25758,Sopó,Cundinamarca,,,50.43,49.56,56.75,,0,,,,,,0,,,,,,0,,,,0,,,0,,1,1,1,2
25769,Subachoque,Cundinamarca,,,31.11,68.88,53.78,,0,,,,,,0,,,,,,0,,,,0,,,0,,,0,0,0
25772,Suesca,Cundinamarca,,,42.74,57.25,48.69,,0,,,,,,0,,,,,,0,,,,0,,,0,,,0,0,0
25777,Supatá,Cundinamarca,,,37.86,62.13,37.67,,0,,,,,,0,,,,,,0,,,,0,,,0,,,0,0,0
25779,Susa,Cundinamarca,,,52.47,47.52,41.04,,0,,,,,,0,,,,,,0,,,,0,,,0,,,0,0,0
25781,Sutatausa,Cundinamarca,,,36.11,63.88,43.11,,0,,,,,,0,,,,,,0,,,,0,,,0,,,0,0,0
25785,Tabio,Cundinamarca,,,44.92,55.07,50.38,,0,,,,,,0,,,,,,0,,,,0,,,0,,1,1,1,2
25793,Tausa,Cundinamarca,,,28.09,71.9,47.29,,0,,,,,,0,,,,,,0,,,,0,,,0,,,0,0,0
25797,Tena,Cundinamarca,,,54.63,45.36,37.24,,0,,,,,,0,,,,,,0,,,,0,,,0,,,0,0,0
25799,Tenjo,Cundinamarca,,,42.25,57.74,49.78,,0,,,,,,0,,,,,,0,,,,0,,,0,,,0,0,0
25805,Tibacuy,Cundinamarca,,,53.32,46.67,40.69,,0,,,,,,0,,,,,,0,,,,0,,,0,,,0,0,0
25807,Tibirita,Cundinamarca,,,65.13,34.86,35.25,,0,,,,,,0,,,,,,0,,,,0,,,0,,,0,0,0
25815,Tocaima,Cundinamarca,,,51.1,48.89,36.29,,0,,,,,,0,,,,,,0,,,,0,,,0,,,0,0,0
25817,Tocancipá,Cundinamarca,,,41.99,58,49.91,,0,,,,,,0,,,,,,0,,,,0,,,0,,2,2,2,4
25823,Topaipí,Cundinamarca,,,55.7,44.29,38.07,,0,,,,,,0,,,,,,0,,,,0,,,0,,,0,0,0
25839,Ubalá,Cundinamarca,,,41.25,58.74,32.16,,0,,,,,,0,,,,,,0,,,,0,,,0,,,0,0,0
25841,Ubaque,Cundinamarca,,,43.32,56.67,38.55,,0,,,,,,0,,,,,,0,,,,0,,,0,,,0,0,0
25843,Villa de San Diego de Ubate,Cundinamarca,,,38.13,61.86,42.99,,0,,,,,,0,,,,,,0,,,,0,,,0,,1,1,1,2
25845,Une,Cundinamarca,,,44.65,55.34,46.83,,0,,,,,,0,,,,,,0,,,,0,,,0,,,0,0,0
25851,Útica,Cundinamarca,,,34.22,65.77,39.08,,0,,,,,,0,,,,,,0,,,,0,,,0,,1,1,1,2
25862,Vergara,Cundinamarca,,,51.41,48.58,31.54,,0,,,,,,0,,,,,,0,,,,0,,,0,,,0,0,0
25867,Vianí,Cundinamarca,,,51.89,48.1,37.26,,0,,,,,,0,,,,,,0,,,,0,,,0,,,0,0,0
25871,Villagómez,Cundinamarca,,,34.55,65.44,31.69,,0,,,,,,0,,,,,,0,,,,0,,,0,,,0,0,0
25873,Villapinzón,Cundinamarca,,,29.14,70.85,45.54,,0,,,,,,0,,,,,,0,,,,0,,,0,,,0,0,0
25875,Villeta,Cundinamarca,,,35.13,64.86,41.84,,0,,,,,,0,,,,,,0,,,,0,,,0,,,0,0,0
25878,Viotá,Cundinamarca,,,48.62,51.37,38.54,,0,,,,,,0,,,,,,0,,,,0,,,0,,,0,0,0
25885,Yacopí,Cundinamarca,,,43.04,56.95,28.16,,0,,,,,,0,,,,,,0,,,,0,,,0,,,0,0,0
25898,Zipacón,Cundinamarca,,,47.31,52.68,50.5,,0,,,,,,0,,,,,,0,,,,0,,,0,,,0,0,0
25899,Zipaquirá,Cundinamarca,,,48.41,51.58,52.25,,0,,,,,,0,,,,,,0,,,,0,,,0,,3,3,3,6
,Total,Cundinamarca,336874,437928,43.47,56.52,44.82,791553,,116,0,1,0,1,1,,,,,,0,,,,0,,,0,,,0,,0
27001,Quibdó,Chocó,,,74,26,35,,3,,,,3,,0,,2,2,1,,5,3,,,3,1,2,3,,3,3,28,31
27006,Acandí,Chocó,,,76,24,25,,0,,,,,,0,,,,,,0,,,,0,1,,1,,,0,2,2
27025,Alto Baudo,Chocó,,,93,7,34,,2,,,2,,,0,2,,2,1,,5,,,3,3,1,1,2,,,0,22,22
27050,Atrato,Chocó,,,80,20,33,,1,,1,,,,0,,,2,,,2,,,,0,,3,3,,2,2,13,15
27073,Bagadó,Chocó,,,92,8,30,,1,,1,,,,0,,,2,,,2,,,,0,,2,2,1,,1,10,11
27075,Bahía Solano,Chocó,,,83,17,31,,0,,,,,,0,,,,,,0,,,,0,,,0,,,0,0,0
27077,Bajo Baudó,Chocó,,,92,8,30,,3,,,,3,,0,2,,2,1,,5,3,,3,6,1,1,2,,,0,29,29
27099,Bojaya,Chocó,,,95.78,4.21,30.37,,1,,1,,,,0,,,2,1,,3,,,,0,,1,1,,,0,9,9
27135,El Cantón del San Pablo,Chocó,,,74.89,25.1,28.49,,2,,,2,,,0,,,2,,,2,,,,0,2,3,5,,,0,16,16
27150,Carmen del Darien,Chocó,,,95.69,4.3,24.7,,2,,,2,,,0,,1,2,1,,4,,,,0,1,1,2,,,0,14,14
27160,Cértegui,Chocó,,,76.41,23.58,41.59,,2,,,2,,,0,3,,,,,3,,,,0,,3,3,,,0,14,14
27205,Condoto,Chocó,,,72.68,27.31,31.76,,1,,1,,,,0,,,,1,,1,,,,0,1,3,4,,,0,11,11
27245,El Carmen de Atrato,Chocó,,,56.38,43.61,32.15,,1,,1,,,,0,,,2,1,,3,,,,0,,1,1,,,0,9,9
27250,El Litoral del San Juan,Chocó,,,94.89,5.1,38.73,,2,,,2,,,0,3,,,,,3,,,3,3,1,1,2,,,0,18,18
27361,Istmina,Chocó,,,70.38,29.61,27.73,,3,,,,3,,0,3,,2,1,,6,,,,0,2,3,5,,3,3,28,31
27372,Juradó,Chocó,,,80.11,19.88,24.4,,0,,,,,,0,,,,,,0,,,,0,,,0,1,,1,1,2
27413,Lloró,Chocó,,,83.02,16.97,35.05,,2,,,2,,,0,,,2,,,2,3,,,3,,2,2,,3,3,19,22
27425,Medio Atrato,Chocó,,,95.84,4.15,39.76,,1,,1,,,,0,,,2,,,2,,,,0,,3,3,,,0,11,11
27430,Medio Baudó,Chocó,,,93.19,6.8,36.48,,2,,,2,,,0,,,2,,,2,,,3,3,1,2,3,,,0,18,18
27450,Medio San Juan,Chocó,,,86.25,13.74,41.21,,2,,,2,,,0,,,2,,,2,,,,0,2,3,5,,1,1,17,18
27491,Nóvita,Chocó,,,74.12,25.87,33.23,,2,,,2,,,0,,,2,1,,3,,,,0,1,3,4,,,0,16,16
27495,Nuquí,Chocó,,,93.21,6.78,28.5,,0,,,,,,0,,,2,,,2,,,,0,,1,1,,,0,6,6
27580,Río Iro,Chocó,,,91.15,8.84,34.9,,2,,,2,,,0,,2,2,,,4,,,,0,2,3,5,,,0,20,20
27600,Río Quito,Chocó,,,77.27,22.72,42.18,,2,,,2,,,0,,,2,,,2,,,,0,1,3,4,,2,2,16,18
27615,Riosucio,Chocó,,,90.93,9.06,28.68,,3,,,,3,,0,2,,2,1,1,6,,,,0,1,1,2,,,0,19,19
27660,San José del Palmar,Chocó,,,70.15,29.84,26.48,,1,,1,,,,0,,,2,,,2,,,,0,1,2,3,1,,1,12,13
27745,Sipí,Chocó,,,87.53,12.46,30.36,,2,,,2,,,0,,,2,,,2,,,,0,1,2,3,,,0,12,12
27787,Tadó,Chocó,,,69.56,30.43,33.5,,2,,,2,,,0,,,2,1,,3,,,,0,1,3,4,,3,3,19,22
27800,Unguía,Chocó,,,65.95,34.04,26.4,,1,,1,,,,0,2,,,,,2,,,,0,1,1,2,,,0,9,9
27810,Unión Panamericana,Chocó,,,78.65,21.34,36.7,,2,,,2,,,0,,,2,1,,3,,,,0,,3,3,,,0,14,14
,Total,Chocó,75257,19095,79.76,20.23,32.87,97649,,30,8,14,4,26,87,,,,,,0,,,,0,,,0,,,0,,0
41001,Neiva,Huila,,,45.55,54.44,42.78,,2,,,2,,,0,2,,,1,,3,3,1,,4,,,0,,,0,16,16
41006,Acevedo,Huila,,,23.51,76.48,33.7,,0,,,,,,0,,,,,,0,,,,0,,,0,,,0,0,0
41013,Agrado,Huila,,,32.12,67.87,40.84,,0,,,,,,0,,,,,,0,,,,0,,,0,,,0,0,0
41016,Aipe,Huila,,,46.06,53.93,36.99,,0,,,,,,0,,,,,,0,,1,,1,,,0,,,0,2,2
41020,Algeciras,Huila,,,54.48,45.51,36.5,,0,,,,,,0,,,,1,,1,,,,0,1,,1,1,,1,5,6
41026,Altamira,Huila,,,43.9,56.1,33.96,,0,,,,,,0,,,,,,0,,,,0,,,0,,,0,0,0
41078,Baraya,Huila,,,53.29,46.7,38.55,,0,,,,,,0,,,,1,,1,,,,0,1,,1,,,0,4,4
41132,Campoalegre,Huila,,,38.32,61.67,41.18,,0,,,,,,0,,,,,,0,,,,0,,,0,,,0,0,0
41206,Colombia,Huila,,,39.94,60.05,36.16,,0,,,,,,0,,,,,,0,,,,0,1,,1,,,0,2,2
41244,Elías,Huila,,,48.6,51.39,42.75,,0,,,,,,0,,,,,,0,,,,0,,,0,,,0,0,0
41298,Garzón,Huila,,,34.43,65.56,36.6,,0,,,,,,0,,,,1,,1,,,,0,,,0,,,0,2,2
41306,Gigante,Huila,,,38.49,61.5,38.55,,0,,,,,,0,,,,1,,1,,,,0,,,0,,,0,2,2
41319,Guadalupe,Huila,,,29.82,70.17,36.97,,0,,,,,,0,,,,,,0,,,,0,,,0,,,0,0,0
41349,Hobo,Huila,,,44.56,55.43,41.51,,0,,,,,,0,,,,,,0,,,,0,,,0,,,0,0,0
41357,Iquira,Huila,,,39.12,60.87,42.27,,0,,,,,,0,,,,,,0,,,,0,,,0,,,0,0,0
41359,Isnos,Huila,,,27.33,72.66,42.48,,0,,,,,,0,,,,1,,1,,,,0,,,0,,,0,2,2
41378,La Argentina,Huila,,,44.6,55.39,30.12,,0,,,,,,0,,,,,,0,,,,0,,,0,,,0,0,0
41396,La Plata,Huila,,,32.74,67.25,34.58,,0,,,,,,0,,,,1,,1,,,,0,,,0,,,0,2,2
41483,Nátaga,Huila,,,34.95,65.04,39.35,,0,,,,,,0,,,,,,0,,,,0,,,0,,,0,0,0
41503,Oporapa,Huila,,,27.38,72.61,43.06,,0,,,,,,0,,,,,,0,,,,0,,,0,,,0,0,0
41518,Paicol,Huila,,,28.41,71.58,45.9,,0,,,,,,0,,,,,,0,,,,0,,1,1,,,0,2,2
41524,Palermo,Huila,,,37.6,62.39,38.13,,0,,,,,,0,,,,,,0,,,,0,,,0,,,0,0,0
41530,Palestina,Huila,,,37.92,62.07,36.66,,0,,,,,,0,,,,,,0,,,,0,,,0,,,0,0,0
41548,Pital,Huila,,,28.37,71.62,40.09,,0,,,,,,0,,,,,,0,,,,0,,,0,,,0,0,0
41551,Pitalito,Huila,,,34.77,65.22,34.8,,0,,,,,,0,,,,,,0,,,,0,,,0,,,0,0,0
41615,Rivera,Huila,,,45.86,54.13,40.09,,0,,,,,,0,,,,,,0,,,,0,,,0,,,0,0,0
41660,Saladoblanco,Huila,,,42.31,57.68,39.91,,0,,,,,,0,,,,,,0,,,,0,,,0,1,,1,1,2
41668,San Agustín,Huila,,,32.65,67.34,36.96,,0,,,,,,0,,,,,,0,,,,0,,,0,,,0,0,0
41676,Santa María,Huila,,,28.83,71.16,42.04,,0,,,,,,0,,,,,,0,3,,,3,,,0,,,0,6,6
41770,Suaza,Huila,,,31.99,68,27.76,,0,,,,,,0,,,,,,0,,,,0,,,0,,,0,0,0
41791,Tarqui,Huila,,,32.12,67.87,39.43,,0,,,,,,0,,,,,,0,,,,0,,,0,,,0,0,0
41797,Tesalia,Huila,,,23.54,76.45,43.54,,0,,,,,,0,,,,,,0,,,,0,,1,1,,,0,2,2
41799,Tello,Huila,,,47.25,52.74,38.27,,0,,,,,,0,,,,1,,1,,,,0,,,0,,,0,2,2
41801,Teruel,Huila,,,29.08,70.91,39.87,,0,,,,,,0,,,,,,0,,,,0,,,0,,,0,0,0
41807,Timaná,Huila,,,24.37,75.62,40.06,,0,,,,,,0,,,,,,0,,1,,1,,,0,,,0,2,2
41872,Villavieja,Huila,,,57.67,42.32,40.34,,0,,,,,,0,,,,,,0,,,,0,,,0,,,0,0,0
41885,Yaguará,Huila,,,38.68,61.31,44.19,,0,,,,,,0,,,,,,0,,,,0,,,0,,,0,0,0
,Total,Huila,119706,185484,39.22,60.77,39.18,311476,,37,0,1,0,1,3,,,,,,0,,,,0,,,0,,,0,,0
44001,Riohacha,La Guajira,,,63.57,36.42,25.34,,2,,,2,,,0,2,1,,,,3,3,,,3,,,0,,,0,14,14
44035,Albania,La Guajira,,,58.5,41.49,24.88,,0,,,,,,0,,,,1,,1,,,,0,,,0,,,0,2,2
44078,Barrancas,La Guajira,,,71.63,28.36,26.98,,0,,,,,,0,,1,,,,1,,1,,1,,,0,,,0,4,4
44090,Dibulla,La Guajira,,,71.63,28.36,23.02,,0,,,,,,0,2,,,,,2,,,,0,,,0,,,0,4,4
44098,Distracción,La Guajira,,,64.01,35.98,30.59,,0,,,,,,0,,,,,,0,,,,0,,,0,,,0,0,0
44110,El Molino,La Guajira,,,66.29,33.7,37.1,,0,,,,,,0,,,,,,0,,,,0,,,0,,,0,0,0
44279,Fonseca,La Guajira,,,72.21,27.78,34.85,,3,,,,3,,0,,,,1,1,2,3,1,,4,,,0,,,0,15,15
44378,Hatonuevo,La Guajira,,,68.57,31.42,30.21,,0,,,,,,0,,,,,,0,,1,,1,,,0,,,0,2,2
44420,La Jagua del Pilar,La Guajira,,,72.9,27.09,31.15,,0,,,,,,0,,,,,,0,,,,0,,,0,,,0,0,0
44430,Maicao,La Guajira,,,52.95,47.04,17.26,,1,,1,,,,0,,1,,1,,2,3,,,3,,,0,2,,2,13,15
44560,Manaure,La Guajira,,,55.49,44.5,6.2,,0,,,,,,0,,,,,,0,,,,0,,,0,3,2,5,5,10
44650,San Juan del Cesar,La Guajira,,,48.9,51.09,30.04,,0,,,,,,0,,1,,,,1,,,,0,,,0,,,0,2,2
44847,Uribia,La Guajira,,,50.81,49.18,3.38,,1,,1,,,,0,,,,1,,1,,,,0,,,0,3,3,6,9,15
44855,Urumita,La Guajira,,,64.15,35.84,40.32,,0,,,,,,0,,,,,,0,,,,0,,,0,,2,2,2,4
44874,Villanueva,La Guajira,,,59,40.99,33.3,,0,,,,,,0,,,,1,,1,,,,0,,,0,,,0,2,2
,Total,La Guajira,65417,41566,61.14,38.85,19.39,109217,,15,2,1,1,4,27,,,,,,0,,,,0,,,0,,,0,,0
47001,Santa Marta,Magdalena,,,53.56,46.43,29.16,,2,,,2,,,0,3,3,,,,6,3,1,,4,1,,1,,,0,24,24
47030,Algarrobo,Magdalena,,,76.55,23.44,21.66,,0,,,,,,0,,,,,,0,,,,0,,,0,,,0,0,0
47053,Aracataca,Magdalena,,,63.41,36.58,5.83,,0,,,,,,0,,1,,,,1,,,,0,1,,1,,,0,4,4
47058,Ariguaní,Magdalena,,,61.64,38.35,25.93,,0,,,,,,0,,,,,,0,3,,,3,,,0,,,0,6,6
47161,Cerro San Antonio,Magdalena,,,90.66,9.33,29.1,,0,,,,,,0,,,,,,0,,,,0,,,0,,,0,0,0
47170,Chivolo,Magdalena,,,79.52,20.47,27.6,,0,,,,,,0,,,,,,0,,,,0,,,0,,,0,0,0
47189,Ciénaga,Magdalena,,,49.88,50.11,21.81,,2,,,2,,,0,,3,,,,3,3,,,3,,,0,1,,1,15,16
47205,Concordia,Magdalena,,,86.84,13.15,24.82,,0,,,,,,0,,,,,,0,,,,0,,,0,,2,2,2,4
47245,El Banco,Magdalena,,,56.07,43.92,27.1,,0,,,,,,0,,,,,,0,,,,0,,1,1,,,0,2,2
47258,El Piñon,Magdalena,,,82.57,17.42,23.4,,0,,,,,,0,,,,,,0,,,,0,,,0,,,0,0,0
47268,El Retén,Magdalena,,,70.71,29.28,22.76,,0,,,,,,0,,,,,,0,,,,0,,,0,,,0,0,0
47288,Fundación,Magdalena,,,51.68,48.31,17.69,,0,,,,,,0,,,,,,0,,,,0,,,0,1,,1,1,2
47318,Guamal,Magdalena,,,64.52,35.47,21.28,,0,,,,,,0,,,,,,0,,,,0,,,0,,,0,0,0
47460,Nueva Granada,Magdalena,,,59.49,40.5,21.09,,0,,,,,,0,,,,,,0,,,,0,,,0,,,0,0,0
47541,Pedraza,Magdalena,,,70.82,29.17,21.57,,0,,,,,,0,,,,,,0,,,,0,,,0,,,0,0,0
47545,Pijiño del Carmen,Magdalena,,,63.31,36.68,32.06,,0,,,,,,0,,,,,,0,,,,0,,,0,,,0,0,0
47551,Pivijay,Magdalena,,,87.12,12.87,26.03,,0,,,,,,0,,1,,,,1,,,,0,,,0,2,,2,4,6
47555,Plato,Magdalena,,,65.64,34.35,25,,0,,,,,,0,,,,,,0,,,,0,,,0,2,,2,2,4
47570,Puebloviejo,Magdalena,,,50.47,49.52,19.83,,0,,,,,,0,,,,,,0,,,,0,,,0,,,0,0,0
47605,Remolino,Magdalena,,,10.43,89.56,27.61,,0,,,,,,0,,,,,,0,,,,0,,,0,,,0,0,0
47660,Sabanas de San Angel,Magdalena,,,59.95,40.04,17.99,,0,,,,,,0,,,,,,0,,,,0,,,0,,,0,0,0
47675,Salamina,Magdalena,,,56.98,43.01,17.61,,0,,,,,,0,,,,,,0,,,,0,,,0,,,0,0,0
47692,San Sebastián de Buenavista,Magdalena,,,77.73,22.26,32.19,,0,,,,,,0,,,,,,0,,,,0,,,0,,,0,0,0
47703,San Zenón,Magdalena,,,82.21,17.78,35.61,,0,,,,,,0,,,,,,0,,,,0,,,0,,,0,0,0
47707,Santa Ana,Magdalena,,,54.6,45.39,28.08,,0,,,,,,0,,,,,,0,,,,0,,,0,,,0,0,0
47720,Santa Bárbara de Pinto,Magdalena,,,81.93,18.06,27.02,,0,,,,,,0,,,,,,0,,,,0,,,0,,,0,0,0
47745,Sitionuevo,Magdalena,,,68.33,31.66,14.15,,1,,1,,,,0,2,1,,,,3,,,,0,,,0,,1,1,8,9
47798,Tenerife,Magdalena,,,84.93,15.06,30.21,,0,,,,,,0,,,,,,0,3,,,3,,,0,,,0,6,6
47960,Zapayán,Magdalena,,,81.25,18.75,34.21,,0,,,,,,0,,,,,,0,,,,0,,,0,,,0,0,0
47980,Zona Bananera,Magdalena,,,64.53,35.46,8.43,,0,,,,,,0,,1,,,,1,,,,0,,,0,,,0,2,2
,Total,Magdalena,132063,86102,60.53,39.46,24.43,222121,,30,1,2,0,3,10,,,,,,0,,,,0,,,0,,,0,,0
50001,Villavicencio,Meta,,,35.96,64.03,46.49,,1,,1,,,,0,,1,,,,1,3,,,3,,,0,,1,1,10,11
50006,Acacías,Meta,,,27.05,72.94,54.01,,0,,,,,,0,,,,,,0,,1,,1,,,0,,3,3,5,8
50110,Barranca de Upía,Meta,,,35.7,64.29,41.1,,0,,,,,,0,,,,,,0,,,,0,,,0,,,0,0,0
50124,Cabuyaro,Meta,,,37.78,62.21,42.52,,0,,,,,,0,,,,,,0,,,,0,,,0,1,,1,1,2
50150,Castilla la Nueva,Meta,,,28.55,71.44,59.57,,0,,,,,,0,,,,,,0,,,,0,,,0,1,1,2,2,4
50223,Cubarral,Meta,,,30.29,69.7,41.45,,0,,,,,,0,,,,,,0,,,,0,,,0,,,0,0,0
50226,Cumaral,Meta,,,32.5,67.49,49.7,,0,,,,,,0,,,,,,0,,,,0,,,0,,,0,0,0
50245,El Calvario,Meta,,,53.31,46.68,40.18,,0,,,,,,0,,,,,,0,,,,0,,,0,,2,2,2,4
50251,El Castillo,Meta,,,61.7,38.29,38.81,,1,,1,,,,0,,2,,1,,3,,,,0,,,0,,,0,7,7
50270,El Dorado,Meta,,,42.31,57.68,49.06,,0,,,,,,0,,,,,,0,,,,0,,,0,,1,1,1,2
50287,Fuente de Oro,Meta,,,41.95,58.04,40.4,,0,,,,,,0,,,,,,0,,,,0,,,0,,,0,0,0
50313,Granada,Meta,,,36.07,63.92,41.05,,0,,,,,,0,,,,1,,1,,,,0,,,0,,,0,2,2
50318,Guamal,Meta,,,24.39,75.6,52.73,,0,,,,,,0,,,,,,0,,,,0,,,0,1,,1,1,2
50325,Mapiripán,Meta,,,57.98,42.01,23.11,,2,,,2,,,0,,1,,1,1,3,,,,0,1,,1,3,,3,13,16
50330,Mesetas,Meta,,,62.07,37.92,40.14,,3,,,,3,,0,,,,1,1,2,,,,0,1,,1,2,,2,11,13
50350,La Macarena,Meta,,,73.66,26.33,39.34,,3,,,,3,,0,,,,1,1,2,,,,0,2,,2,1,,1,12,13
50370,Uribe,Meta,,,93.56,6.43,46.86,,1,,1,,,,0,,,,1,,1,,,,0,1,,1,3,,3,8,11
50400,Lejanías,Meta,,,44.03,55.96,38.64,,0,,,,,,0,,,,1,,1,,,,0,,,0,2,,2,4,6
50450,Puerto Concordia,Meta,,,55.15,44.84,37.74,,1,,1,,,,0,2,,,1,,3,,,,0,1,,1,,,0,9,9
50568,Puerto Gaitán,Meta,,,33.28,66.71,39.54,,1,,1,,,,0,,,,1,,1,3,,,3,,,0,,1,1,10,11
50573,Puerto López,Meta,,,27.92,72.07,40.96,,1,,1,,,,0,,,,,,0,3,,,3,,,0,,,0,7,7
50577,Puerto Lleras,Meta,,,44.35,55.64,36.49,,1,,1,,,,0,2,,,1,,3,,,,0,1,,1,,,0,9,9
50590,Puerto Rico,Meta,,,48.16,51.83,38.93,,1,,1,,,,0,2,,,1,,3,,,,0,2,,2,,,0,11,11
50606,Restrepo,Meta,,,40.92,59.07,40.87,,0,,,,,,0,,,,,,0,,,,0,,,0,,,0,0,0
50680,San Carlos de Guaroa,Meta,,,32.99,67,47.06,,0,,,,,,0,,,,,,0,,,,0,,,0,,,0,0,0
50683,San Juan de Arama,Meta,,,47.79,52.2,38.21,,1,,1,,,,0,,,,1,,1,,,,0,2,,2,,,0,7,7
50686,San Juanito,Meta,,,54.02,45.97,46.39,,0,,,,,,0,,,,,,0,,,,0,,,0,,1,1,1,2
50689,San Martín,Meta,,,27.87,72.12,44.83,,0,,,,,,0,,1,,,,1,,,,0,,,0,,,0,2,2
50711,Vistahermosa,Meta,,,52.88,47.11,42.27,,3,,,,3,,0,,1,,1,1,3,3,,,3,2,,2,3,,3,22,25
,Total,Meta,109676,191489,36.41,63.58,45.43,307243,,29,9,1,3,13,45,,,,,,0,,,,0,,,0,,,0,,0
52001,Pasto,Nariño,,,62.62,37.37,40.86,,1,,1,,,,0,,2,,,,2,,1,,1,1,,1,,,0,9,9
52019,Albán,Nariño,,,43.58,56.41,46.34,,0,,,,,,0,,,,,,0,,,,0,,,0,1,,1,1,2
52022,Aldana,Nariño,,,50.58,49.41,46.14,,0,,,,,,0,,,,,,0,,,,0,,,0,,,0,0,0
52036,Ancuyá,Nariño,,,72.73,27.26,32.9,,2,,,2,,,0,,,2,,,2,,,,0,2,,2,,2,2,12,14
52051,Arboleda,Nariño,,,48.28,51.71,44.02,,0,,,,,,0,,,,,,0,,,,0,,,0,,,0,0,0
52079,Barbacoas,Nariño,,,74.82,25.17,20.9,,3,,,,3,,0,2,1,2,1,,6,3,,,3,3,2,5,2,,2,33,35
52083,Belén,Nariño,,,60.28,39.71,45.4,,0,,,,,,0,,,,,,0,,,,0,,,0,,2,2,2,4
52110,Buesaco,Nariño,,,50.05,49.94,35.61,,0,,,,,,0,,,,,,0,,,,0,2,,2,,,0,4,4
52203,Colón,Nariño,,,60.33,39.66,42.4,,0,,,,,,0,,,,,,0,,,,0,,,0,,,0,0,0
52207,Consaca,Nariño,,,57.86,42.13,41.67,,0,,,,,,0,,,,,,0,,,,0,,,0,,,0,0,0
52210,Contadero,Nariño,,,53.42,46.57,35.84,,0,,,,,,0,,,,,,0,,,,0,,,0,,1,1,1,2
52215,Córdoba,Nariño,,,62.16,37.83,35.27,,0,,,,,,0,,,,,,0,,,,0,,,0,,,0,0,0
52224,Cuaspud,Nariño,,,47.39,52.6,37.75,,0,,,,,,0,,,,1,,1,,,,0,,,0,,,0,2,2
52227,Cumbal,Nariño,,,63.73,36.26,37.82,,0,,,,,,0,,,2,1,,3,,,,0,,,0,,,0,6,6
52233,Cumbitara,Nariño,,,87.63,12.36,39.69,,0,,,,,,0,,,,1,,1,,,,0,2,,2,,,0,6,6
52240,Chachagüí,Nariño,,,62.48,37.51,40.97,,0,,,,,,0,,,,,,0,,,,0,,,0,,,0,0,0
52250,El Charco,Nariño,,,90.81,9.18,33.15,,2,,,2,,,0,,1,2,1,,4,,,,0,2,1,3,,,0,16,16
52254,El Peñol,Nariño,,,80.66,19.33,55.19,,0,,,,,,0,,,,,,0,,,,0,2,,2,,,0,4,4
52256,El Rosario,Nariño,,,90.78,9.21,39.75,,1,,1,,,,0,,,2,1,,3,,,,0,2,,2,,1,1,12,13
52258,El Tablón de Gómez,Nariño,,,65.68,34.31,43.73,,1,,1,,,,0,,,,,,0,,,,0,2,,2,,,0,5,5
52260,El Tambo,Nariño,,,70.7,29.29,46.61,,0,,,,,,0,,,,,,0,,,,0,2,,2,,,0,4,4
52287,Funes,Nariño,,,68.12,31.87,42.9,,0,,,,,,0,,,,,,0,,,,0,,,0,,,0,0,0
52317,Guachucal,Nariño,,,56.43,43.56,32.56,,0,,,,,,0,,,,,,0,,,,0,1,,1,,,0,2,2
52320,Guaitarilla,Nariño,,,73.81,26.18,29.16,,0,,,,,,0,,,2,,,2,,,,0,1,,1,,,0,6,6
52323,Gualmatán,Nariño,,,60.1,39.89,46.93,,0,,,,,,0,,,,,,0,,,,0,,,0,,2,2,2,4
52352,Iles,Nariño,,,62.52,37.47,34.33,,0,,,,,,0,,,,,,0,,,,0,,,0,,,0,0,0
52354,Imués,Nariño,,,55.89,44.1,33.71,,0,,,,,,0,,,,,,0,,,,0,,,0,,,0,0,0
52356,Ipiales,Nariño,,,50.03,49.96,35.59,,2,,,2,,,0,,,,1,,1,3,,,3,2,,2,,,0,14,14
52378,La Cruz,Nariño,,,51.76,48.23,41.92,,1,,1,,,,0,,,2,,,2,,,,0,2,,2,,,0,9,9
52381,La Florida,Nariño,,,72.99,27,36.05,,1,,1,,,,0,,,2,,,2,,,,0,2,,2,,1,1,10,11
52385,La Llanada,Nariño,,,71.34,28.65,44.13,,2,,,2,,,0,,,2,1,,3,,,,0,2,,2,,,0,12,12
52390,La Tola,Nariño,,,87.96,12.03,39.53,,1,,1,,,,0,,,2,1,,3,,,,0,2,,2,,,0,11,11
52399,La Unión,Nariño,,,42.97,57.02,35.92,,0,,,,,,0,,,2,,,2,,,,0,,,0,,,0,4,4
52405,Leiva,Nariño,,,90.38,9.61,40.98,,0,,,,,,0,,,,1,,1,,,,0,2,,2,,,0,6,6
52411,Linares,Nariño,,,87.08,12.91,42.8,,2,,,2,,,0,,,2,1,,3,,,,0,3,,3,,2,2,16,18
52418,Los Andes,Nariño,,,77.04,22.95,45.97,,1,,1,,,,0,,,2,1,,3,,,,0,2,,2,,,0,11,11
52427,Magüi,Nariño,,,93.13,6.86,37.67,,2,,,2,,,0,,,2,1,,3,,,,0,2,2,4,2,,2,18,20
52435,Mallama,Nariño,,,63.09,36.9,31.7,,0,,,,,,0,,,2,,,2,,,,0,1,,1,,,0,6,6
52473,Mosquera,Nariño,,,89.81,10.18,37.88,,0,,,,,,0,,,,1,,1,,,,0,2,,2,,,0,6,6
52480,Nariño,Nariño,,,60.35,39.64,40.6,,0,,,,,,0,,,,,,0,,,,0,,,0,2,,2,2,4
52490,Olaya Herrera,Nariño,,,82.14,17.85,24.12,,1,,1,,,,0,,,,1,,1,,,,0,3,,3,,2,2,11,13
52506,Ospina,Nariño,,,63.36,36.63,31.81,,0,,,,,,0,,,,,,0,,,,0,,,0,,,0,0,0
52520,Francisco Pizarro,Nariño,,,84.35,15.64,25.69,,0,,,,,,0,,,,1,,1,,,,0,2,,2,,,0,6,6
52540,Policarpa,Nariño,,,88.89,11.1,44.63,,3,,,,3,,0,,1,2,1,1,5,,,,0,3,,3,,,0,19,19
52560,Potosí,Nariño,,,46.77,53.22,37.24,,0,,,,,,0,,,,,,0,,,,0,,,0,,,0,0,0
52565,Providencia,Nariño,,,87.43,12.56,44.37,,1,,1,,,,0,,,2,,,2,,,,0,2,,2,,2,2,11,13
52573,Puerres,Nariño,,,68.72,31.27,44.42,,0,,,,,,0,,,,1,,1,,,,0,,,0,,1,1,3,4
52585,Pupiales,Nariño,,,48.37,51.62,41.32,,0,,,,,,0,,,,,,0,,,,0,,,0,,,0,0,0
52612,Ricaurte,Nariño,,,66.65,33.34,22.48,,1,,1,,,,0,,,2,1,,3,,,,0,1,,1,2,,2,11,13
52621,Roberto Payán,Nariño,,,91.51,8.48,28.26,,1,,1,,,,0,,,,1,,1,,,,0,3,1,4,,,0,11,11
52678,Samaniego,Nariño,,,83.88,16.11,39.14,,2,,,2,,,0,,1,2,1,,4,,,,0,3,,3,,,0,16,16
52683,Sandoná,Nariño,,,64.2,35.79,42.58,,0,,,,,,0,,,,,,0,,,,0,1,,1,,,0,2,2
52685,San Bernardo,Nariño,,,61.74,38.25,52.22,,0,,,,,,0,,,,,,0,,,,0,,,0,2,1,3,3,6
52687,San Lorenzo,Nariño,,,62.17,37.82,37.42,,0,,,,,,0,,,,,,0,,,,0,,,0,,,0,0,0
52693,San Pablo,Nariño,,,65.83,34.16,33.21,,1,,1,,,,0,,,2,,,2,,,,0,3,,3,,,0,11,11
52694,San Pedro de Cartago,Nariño,,,51.68,48.31,41.03,,0,,,,,,0,,,,,,0,,,,0,,,0,1,,1,1,2
52696,Santa Bárbara,Nariño,,,91.54,8.45,35.31,,2,,,2,,,0,,,2,1,,3,3,,,3,2,2,4,,,0,22,22
52699,Santacruz,Nariño,,,71.71,28.28,27.73,,1,,1,,,,0,,,2,,,2,,,,0,1,,1,,1,1,8,9
52720,Sapuyes,Nariño,,,60.36,39.63,32.99,,0,,,,,,0,,,,,,0,,,,0,,,0,,,0,0,0
52786,Taminango,Nariño,,,78.67,21.32,36.92,,0,,,,,,0,,,,1,,1,,,,0,,,0,,,0,2,2
52788,Tangua,Nariño,,,53.07,46.92,32.37,,0,,,,,,0,,,,,,0,,,,0,1,,1,,,0,2,2
52835,San Andres de Tumaco,Nariño,,,71.19,28.8,28.13,,3,,,,3,,0,,3,2,1,1,7,3,1,3,7,3,1,4,,,0,39,39
52838,Túquerres,Nariño,,,64.45,35.54,30.27,,1,,1,,,,0,,,2,1,,3,,,,0,1,,1,,,0,9,9
52885,Yacuanquer,Nariño,,,67.71,32.28,41.21,,0,,,,,,0,,,,,,0,,,,0,,,0,,,0,0,0
,Total,Nariño,251047,136283,64.81,35.18,36.72,399043,,64,14,8,3,25,39,,,,,,0,,,,0,,,0,,,0,,0
54001,Cúcuta,Norte de Santander,,,34.63,65.36,45.27,,2,,,2,,,0,3,,,,,3,3,1,,4,1,,1,,,0,18,18
54003,Abrego,Norte de Santander,,,33.55,66.44,30.17,,1,,1,,,,0,,,2,,,2,,,,0,1,,1,,,0,7,7
54051,Arboledas,Norte de Santander,,,30.38,69.61,45.35,,0,,,,,,0,,,,,,0,,,,0,,,0,,,0,0,0
54099,Bochalema,Norte de Santander,,,37.68,62.31,48.64,,0,,,,,,0,,,,,,0,,,,0,,,0,,,0,0,0
54109,Bucarasica,Norte de Santander,,,29.54,70.45,36.46,,0,,,,,,0,,,,,,0,,,,0,,,0,,,0,0,0
54125,Cácota,Norte de Santander,,,48.87,51.12,40.49,,0,,,,,,0,,,,,,0,,,,0,,,0,1,,1,1,2
54128,Cachirá,Norte de Santander,,,20.49,79.5,37.85,,0,,,,,,0,,,,,,0,,,,0,1,,1,,,0,2,2
54172,Chinácota,Norte de Santander,,,37.17,62.82,47.72,,0,,,,,,0,,,,,,0,,,,0,,,0,,,0,0,0
54174,Chitagá,Norte de Santander,,,37.91,62.08,38.45,,0,,,,,,0,,1,2,,,3,,,,0,,,0,,,0,6,6
54206,Convención,Norte de Santander,,,59.82,40.17,25.17,,2,,,2,,,0,,,2,1,,3,,,,0,3,,3,1,,1,15,16
54223,Cucutilla,Norte de Santander,,,33.64,66.35,47.64,,0,,,,,,0,,,,,,0,,,,0,,,0,,,0,0,0
54239,Durania,Norte de Santander,,,53.12,46.87,45.17,,0,,,,,,0,,,,,,0,,,,0,,,0,,,0,0,0
54245,El Carmen,Norte de Santander,,,52.18,47.81,30.49,,2,,,2,,,0,,1,2,1,,4,3,,,3,2,,2,,,0,20,20
54250,El Tarra,Norte de Santander,,,91.51,8.48,28.85,,2,,,2,,,0,2,,2,1,,5,,1,,1,3,,3,2,,2,22,24
54261,El Zulia,Norte de Santander,,,35.54,64.45,39.72,,2,,,2,,,0,2,,,,,2,3,,,3,1,,1,,,0,14,14
54313,Gramalote,Norte de Santander,,,33.52,66.47,40.12,,0,,,,,,0,,,,,,0,,,,0,,,0,,,0,0,0
54344,Hacarí,Norte de Santander,,,89.46,10.53,26.62,,1,,1,,,,0,,,2,1,,3,,,,0,2,,2,2,,2,13,15
54347,Herrán,Norte de Santander,,,32.89,67.1,33.35,,0,,,,,,0,,,,,,0,,,,0,,,0,,,0,0,0
54377,Labateca,Norte de Santander,,,52.86,47.13,34.84,,0,,,,,,0,,,,,,0,,,,0,,,0,,,0,0,0
54385,La Esperanza,Norte de Santander,,,34.46,65.53,36.9,,0,,,,,,0,,,,,,0,,,,0,1,,1,,,0,2,2
54398,La Playa,Norte de Santander,,,48.83,51.16,23.75,,0,,,,,,0,,,,,,0,,,,0,1,,1,,,0,2,2
54405,Los Patios,Norte de Santander,,,28.04,71.95,36.88,,0,,,,,,0,2,,,,,2,,,,0,,,0,,,0,4,4
54418,Lourdes,Norte de Santander,,,25.96,74.03,40.41,,0,,,,,,0,,,,,,0,,,,0,,,0,,,0,0,0
54480,Mutiscua,Norte de Santander,,,45.19,54.8,42.56,,0,,,,,,0,,,,,,0,,,,0,,,0,,,0,0,0
54498,Ocaña,Norte de Santander,,,39.14,60.85,36.78,,2,,,2,,,0,2,1,2,1,,6,3,,,3,1,,1,,,0,22,22
54518,Pamplona,Norte de Santander,,,35,64.99,44.03,,0,,,,,,0,,,,,,0,,1,,1,,,0,,1,1,3,4
54520,Pamplonita,Norte de Santander,,,32.87,67.12,48.52,,0,,,,,,0,,,,,,0,,,,0,,,0,,,0,0,0
54553,Puerto Santander,Norte de Santander,,,26.88,73.11,17.04,,0,,,,,,0,,,,,,0,,,,0,,,0,1,,1,1,2
54599,Ragonvalia,Norte de Santander,,,25,75,26.83,,0,,,,,,0,,,,,,0,,,,0,,,0,,,0,0,0
54660,Salazar,Norte de Santander,,,32.43,67.56,42.15,,0,,,,,,0,,,,,,0,,,,0,,,0,,,0,0,0
54670,San Calixto,Norte de Santander,,,95.18,4.81,37.35,,2,,,2,,,0,,,2,1,,3,3,,,3,3,,3,,,0,20,20
54673,San Cayetano,Norte de Santander,,,31.5,68.49,32.43,,0,,,,,,0,,,,,,0,,,,0,,,0,,,0,0,0
54680,Santiago,Norte de Santander,,,45.17,54.82,44.06,,0,,,,,,0,,,,,,0,,,,0,,,0,,1,1,1,2
54720,Sardinata,Norte de Santander,,,34.83,65.16,34.65,,1,,1,,,,0,,,2,1,,3,,,,0,2,,2,,,0,11,11
54743,Silos,Norte de Santander,,,19.05,80.94,35.08,,0,,,,,,0,,,,,,0,,,,0,,,0,1,,1,1,2
54800,Teorama,Norte de Santander,,,86.47,13.52,30.36,,2,,,2,,,0,,,2,1,,3,,,3,3,3,,3,,,0,20,20
54810,Tibú,Norte de Santander,,,66.03,33.96,29.42,,3,,,,3,,0,,2,2,1,1,6,3,,,3,3,,3,1,,1,28,29
54820,Toledo,Norte de Santander,,,31.86,68.13,35.83,,0,,,,,,0,,,2,1,,3,,,,0,,,0,,,0,6,6
54871,Villa Caro,Norte de Santander,,,24.4,75.59,33.83,,0,,,,,,0,,,,,,0,,,,0,,,0,,,0,0,0
54874,Villa del Rosario,Norte de Santander,,,24.01,75.98,33.8,,0,,,,,,0,,1,,,,1,,,,0,,,0,,,0,2,2
,Total,Norte de Santander,159255,282183,36.07,63.92,40.3,451080,,40,3,8,1,12,30,,,,,,0,,,,0,,,0,,,0,,0
63001,Armenia,Quindio,,,42.6,57.39,42.36,,0,,,,,,0,2,,,,,2,,1,,1,,,0,,1,1,7,8
63111,Buenavista,Quindio,,,43.88,56.11,35.98,,0,,,,,,0,,,,,,0,,,,0,,,0,,,0,0,0
63130,Calarca,Quindio,,,37.58,62.41,41.1,,0,,,,,,0,,,,,,0,,,,0,,,0,,,0,0,0
63190,Circasia,Quindio,,,36.41,63.58,42.67,,0,,,,,,0,,,,,,0,,,,0,,,0,,,0,0,0
63212,Córdoba,Quindio,,,45.89,54.1,38.5,,0,,,,,,0,,,,,,0,,,,0,,,0,,,0,0,0
63272,Filandia,Quindio,,,36.68,63.31,41.14,,0,,,,,,0,,,,,,0,,,,0,,,0,,,0,0,0
63302,Génova,Quindio,,,36.2,63.79,38.05,,0,,,,,,0,,,,,,0,,,,0,,,0,,,0,0,0
63401,La Tebaida,Quindio,,,37.14,62.85,40.56,,0,,,,,,0,,,,,,0,,,,0,,,0,,3,3,3,6
63470,Montenegro,Quindio,,,29.45,70.54,35.86,,0,,,,,,0,,,,,,0,,,,0,,,0,,1,1,1,2
63548,Pijao,Quindio,,,34.85,65.14,39.6,,0,,,,,,0,,,,,,0,,,,0,,,0,,,0,0,0
63594,Quimbaya,Quindio,,,38.75,61.24,40.44,,0,,,,,,0,,,,,,0,,,,0,,,0,,,0,0,0
63690,Salento,Quindio,,,33.86,66.13,44.74,,0,,,,,,0,,,,,,0,,,,0,,,0,,,0,0,0
,Total,Quindio,73393,110708,39.86,60.13,41.32,188424,,12,0,0,0,0,0,,,,,,0,,,,0,,,0,,,0,,0
66001,Pereira,Risaralda,,,46.14,53.85,42.16,,3,,,,3,,0,2,2,,,,4,3,1,3,7,,,0,,2,2,27,29
66045,Apía,Risaralda,,,34.47,65.52,36.23,,0,,,,,,0,,,,,,0,,,,0,,,0,,,0,0,0
66075,Balboa,Risaralda,,,45.34,54.65,36.51,,0,,,,,,0,,,,,,0,,,,0,,,0,,,0,0,0
66088,Belén de Umbría,Risaralda,,,38.15,61.84,33.23,,0,,,,,,0,,,,,,0,,,,0,,,0,,,0,0,0
66170,Dosquebradas,Risaralda,,,42.47,57.52,43.8,,2,,,2,,,0,2,1,,,,3,3,,,3,,,0,,3,3,17,20
66318,Guática,Risaralda,,,33.66,66.33,36.66,,0,,,,,,0,,,,,,0,,,,0,,,0,,,0,0,0
66383,La Celia,Risaralda,,,38.18,61.81,37.8,,0,,,,,,0,,,,,,0,,,,0,,,0,,,0,0,0
66400,La Virginia,Risaralda,,,40.16,59.83,39.52,,0,,,,,,0,,,,,,0,,,,0,,,0,,,0,0,0
66440,Marsella,Risaralda,,,38.15,61.84,36,,0,,,,,,0,,,,,,0,,,,0,,,0,,,0,0,0
66456,Mistrató,Risaralda,,,52.88,47.11,33.93,,1,,1,,,,0,,,2,1,,3,,,,0,,1,1,,,0,9,9
66572,Pueblo Rico,Risaralda,,,63.04,36.95,30.83,,2,,,2,,,0,,,2,1,,3,3,,,3,,1,1,,1,1,17,18
66594,Quinchía,Risaralda,,,52.6,47.39,41.98,,0,,,,,,0,,1,,,,1,,,,0,,,0,,,0,2,2
66682,Santa Rosa de Cabal,Risaralda,,,40.2,59.79,42.93,,0,,,,,,0,,,,,,0,,,,0,,,0,,,0,0,0
66687,Santuario,Risaralda,,,41.07,58.92,30.79,,0,,,,,,0,,,,,,0,,,,0,,,0,,,0,0,0
,Total,Risaralda,136208,171230,44.3,55.69,41.38,314673,,14,2,1,0,3,21,,,,,,0,,,,0,,,0,,,0,,0
68001,Bucaramanga,Santander,,,44.88,55.11,45.56,,0,,,,,,0,3,3,,,,6,3,,,3,,,0,,,0,18,18
68013,Aguada,Santander,,,47.55,52.44,23.68,,0,,,,,,0,,,,,,0,,,,0,,,0,,1,1,1,2
68020,Albania,Santander,,,56.35,43.64,36.47,,0,,,,,,0,,,,,,0,,,,0,,,0,,,0,0,0
68051,Aratoca,Santander,,,51.49,48.5,41.37,,0,,,,,,0,,,,,,0,,,,0,,,0,,,0,0,0
68077,Barbosa,Santander,,,49.22,50.77,37.98,,0,,,,,,0,2,,,,,2,,,,0,,,0,,,0,4,4
68079,Barichara,Santander,,,57.23,42.76,41.65,,0,,,,,,0,,,,,,0,,,,0,,,0,,,0,0,0
68081,Barrancabermeja,Santander,,,50.54,49.45,46.09,,2,,,2,,,0,2,3,2,,,7,3,1,,4,,,0,,,0,24,24
68092,Betulia,Santander,,,42.67,57.32,37.67,,0,,,,,,0,,,,,,0,,,,0,,,0,,,0,0,0
68101,Bolívar,Santander,,,52.41,47.58,34.35,,0,,,,,,0,,,,,,0,,,,0,1,,1,,,0,2,2
68121,Cabrera,Santander,,,65.78,34.21,42.27,,0,,,,,,0,,,,,,0,,,,0,,,0,,3,3,3,6
68132,California,Santander,,,22.22,77.77,42.24,,1,,1,,,,0,,,,,,0,,,,0,,3,3,,2,2,9,11
68147,Capitanejo,Santander,,,37.85,62.14,37.78,,0,,,,,,0,,,,,,0,,,,0,,,0,,,0,0,0
68152,Carcasí,Santander,,,32.48,67.51,45.15,,0,,,,,,0,,,,,,0,,,,0,,,0,,,0,0,0
68160,Cepitá,Santander,,,64.74,35.25,53.24,,0,,,,,,0,,,,,,0,,,,0,,,0,,2,2,2,4
68162,Cerrito,Santander,,,46.11,53.88,45.32,,0,,,,,,0,,,,,,0,,,,0,,,0,,,0,0,0
68167,Charalá,Santander,,,61.35,38.64,37.37,,0,,,,,,0,,,,,,0,,,,0,,,0,,,0,0,0
68169,Charta,Santander,,,28.33,71.66,41.6,,0,,,,,,0,,,,,,0,,,,0,,,0,,3,3,3,6
68176,Chima,Santander,,,65.11,34.88,39.05,,0,,,,,,0,,,,,,0,,,,0,,,0,,,0,0,0
68179,Chipatá,Santander,,,71.56,28.43,23.87,,0,,,,,,0,,,,,,0,,,,0,,,0,,,0,0,0
68190,Cimitarra,Santander,,,40.42,59.57,33.91,,0,,,,,,0,,,,,,0,,,,0,,,0,,,0,0,0
68207,Concepción,Santander,,,38.74,61.25,38.5,,0,,,,,,0,,,,,,0,,,,0,,,0,,2,2,2,4
68209,Confines,Santander,,,37.98,62.01,36.83,,0,,,,,,0,,,,,,0,,,,0,,,0,,,0,0,0
68211,Contratación,Santander,,,57.9,42.09,46.95,,0,,,,,,0,,,,,,0,,,,0,,,0,,,0,0,0
68217,Coromoro,Santander,,,53.49,46.5,38.49,,0,,,,,,0,,,,,,0,,,,0,,,0,,,0,0,0
68229,Curití,Santander,,,46.7,53.29,41.1,,0,,,,,,0,,,,,,0,,,,0,,,0,,,0,0,0
68235,El Carmen de Chucurí,Santander,,,26.76,73.23,41.6,,0,,,,,,0,,,2,,,2,,,,0,1,,1,,,0,6,6
68245,El Guacamayo,Santander,,,69.72,30.27,51.13,,0,,,,,,0,,,,,,0,,,,0,,,0,,,0,0,0
68250,El Peñón,Santander,,,49.56,50.43,39.77,,0,,,,,,0,,,,,,0,,,,0,,,0,,,0,0,0
68255,El Playón,Santander,,,27.56,72.43,37.73,,0,,,,,,0,,,2,,,2,,,,0,1,,1,,,0,6,6
68264,Encino,Santander,,,62.4,37.59,32.59,,0,,,,,,0,,,,,,0,,,,0,,,0,,,0,0,0
68266,Enciso,Santander,,,45.87,54.12,41.16,,0,,,,,,0,,,,,,0,,,,0,,,0,,,0,0,0
68271,Florián,Santander,,,66.96,33.03,33.01,,0,,,,,,0,,,,,,0,,,,0,,,0,,,0,0,0
68276,Floridablanca,Santander,,,41.67,58.32,49.14,,0,,,,,,0,,,,,,0,,,,0,,,0,,,0,0,0
68296,Galán,Santander,,,41.85,58.14,42.66,,0,,,,,,0,,,,,,0,,,,0,,,0,,,0,0,0
68298,Gambita,Santander,,,54.81,45.18,35.04,,0,,,,,,0,,,,,,0,,,,0,,,0,,,0,0,0
68307,Girón,Santander,,,37.87,62.12,43.36,,1,,1,,,,0,3,1,,,,4,,,,0,,,0,,,0,9,9
68318,Guaca,Santander,,,38.66,61.33,39.92,,0,,,,,,0,,,,,,0,,,,0,,,0,,,0,0,0
68320,Guadalupe,Santander,,,40.06,59.93,36.15,,0,,,,,,0,,,,,,0,,,,0,,,0,,,0,0,0
68322,Guapotá,Santander,,,51.62,48.37,42.2,,0,,,,,,0,,,,,,0,,,,0,,,0,,,0,0,0
68324,Guavatá,Santander,,,62.01,37.98,30.08,,0,,,,,,0,,,,,,0,,,,0,,,0,,1,1,1,2
68327,Güepsa,Santander,,,61.75,38.24,35.03,,0,,,,,,0,,,,,,0,,,,0,,,0,,1,1,1,2
68344,Hato,Santander,,,59.94,40.05,44.76,,0,,,,,,0,,,,,,0,,,,0,,,0,,,0,0,0
68368,Jesús María,Santander,,,63.23,36.76,32.48,,0,,,,,,0,,,,,,0,,,,0,,,0,,,0,0,0
68370,Jordán,Santander,,,50.38,49.61,36.04,,0,,,,,,0,,,,,,0,,,,0,,,0,1,,1,1,2
68377,La Belleza,Santander,,,33.6,66.39,42.03,,0,,,,,,0,,,,,,0,,,,0,,,0,,3,3,3,6
68385,Landázuri,Santander,,,52.62,47.37,32.65,,0,,,,,,0,,,,,,0,,,,0,,,0,,,0,0,0
68397,La Paz,Santander,,,58.15,41.84,29.4,,0,,,,,,0,,,,,,0,,,,0,,,0,,,0,0,0
68406,Lebríja,Santander,,,30.62,69.37,43.67,,0,,,,,,0,,,,,,0,,,,0,,,0,,,0,0,0
68418,Los Santos,Santander,,,42.04,57.95,48.17,,0,,,,,,0,,,,,,0,,,,0,,,0,,,0,0,0
68425,Macaravita,Santander,,,56.78,43.21,37.43,,0,,,,,,0,,,,,,0,,,,0,,,0,,,0,0,0
68432,Málaga,Santander,,,38.31,61.68,43.67,,0,,,,,,0,,,,,,0,,,,0,,,0,,,0,0,0
68444,Matanza,Santander,,,39.36,60.63,46.48,,0,,,,,,0,,,2,,,2,,,,0,,,0,,,0,4,4
68464,Mogotes,Santander,,,43.69,56.3,37.99,,0,,,,,,0,,,,,,0,,,,0,,,0,,,0,0,0
68468,Molagavita,Santander,,,39.01,6.098,39.89,,0,,,,,,0,,,,,,0,,,,0,,,0,,,0,0,0
68498,Ocamonte,Santander,,,69.77,30.22,44.26,,0,,,,,,0,,,,,,0,,,,0,,,0,,,0,0,0
68500,Oiba,Santander,,,44.41,55.58,42.39,,0,,,,,,0,,,,,,0,,,,0,,,0,,,0,0,0
68502,Onzaga,Santander,,,53.36,46.63,33.62,,0,,,,,,0,,,,,,0,,,,0,,,0,,,0,0,0
68522,Palmar,Santander,,,68.44,31.55,43.9,,0,,,,,,0,,,,,,0,,,,0,,,0,,3,3,3,6
68524,Palmas del Socorro,Santander,,,53.56,46.43,41.29,,0,,,,,,0,,,,,,0,,,,0,,,0,,,0,0,0
68533,Páramo,Santander,,,51.19,48.8,49.54,,0,,,,,,0,,,,,,0,,,,0,,,0,,3,3,3,6
68547,Piedecuesta,Santander,,,39.91,6.008,48.81,,0,,,,,,0,,,,,,0,,,,0,,,0,,,0,0,0
68549,Pinchote,Santander,,,56.25,43.74,42.65,,0,,,,,,0,,,,,,0,,,,0,,,0,,1,1,1,2
68572,Puente Nacional,Santander,,,57.3,42.69,34.62,,0,,,,,,0,,,,,,0,,,,0,,,0,,,0,0,0
68573,Puerto Parra,Santander,,,32.18,67.81,28.53,,0,,,,,,0,,2,,,,2,,,,0,,,0,,,0,4,4
68575,Puerto Wilches,Santander,,,48.69,51.3,37.7,,1,,1,,,,0,2,,2,,,4,,,,0,,,0,,,0,9,9
68615,Rionegro,Santander,,,33.34,66.65,37.58,,1,,1,,,,0,,,2,,,2,,,,0,1,,1,,,0,7,7
68655,Sabana de Torres,Santander,,,30.85,69.14,38.46,,2,,,2,,,0,2,1,2,,,5,,1,,1,,,0,,,0,14,14
68669,San Andrés,Santander,,,55.58,44.41,43.54,,0,,,,,,0,,,,,,0,,,,0,,,0,,,0,0,0
68673,San Benito,Santander,,,67.67,32.32,29.44,,0,,,,,,0,,,,,,0,,,,0,,,0,,,0,0,0
68679,San Gil,Santander,,,50.46,49.53,43.56,,0,,,,,,0,,,,,,0,,,,0,,,0,,,0,0,0
68682,San Joaquín,Santander,,,61.9,38.09,33.3,,0,,,,,,0,,,,,,0,,,,0,,,0,,,0,0,0
68684,San José de Miranda,Santander,,,32.74,67.25,46.41,,0,,,,,,0,,,,,,0,,,,0,,,0,,1,1,1,2
68686,San Miguel,Santander,,,54.3,45.69,38.17,,0,,,,,,0,,,,,,0,,,,0,,,0,,,0,0,0
68689,San Vicente de Chucurí,Santander,,,40.76,59.23,37.35,,0,,,,,,0,,,,,,0,,,,0,,,0,,,0,0,0
68705,Santa Bárbara,Santander,,,36.01,63.98,36.79,,0,,,,,,0,,,,,,0,,,,0,,,0,,,0,0,0
68720,Santa Helena del Opón,Santander,,,38.48,61.51,35.89,,0,,,,,,0,,,,,,0,,,,0,1,,1,,,0,2,2
68745,Simacota,Santander,,,56.04,43.95,38.82,,0,,,,,,0,,,2,,,2,,,,0,,,0,,,0,4,4
68755,Socorro,Santander,,,46.27,53.72,40.19,,0,,,,,,0,,,,,,0,,,,0,,,0,,,0,0,0
68770,Suaita,Santander,,,53.98,46.01,32.43,,0,,,,,,0,,,,,,0,,,,0,,,0,,,0,0,0
68773,Sucre,Santander,,,38.73,61.26,31.83,,0,,,,,,0,,,,,,0,,,,0,1,,1,,,0,2,2
68780,Suratá,Santander,,,37.25,62.74,44.52,,0,,,,,,0,,,,,,0,,,,0,,2,2,,,0,4,4
68820,Tona,Santander,,,41.28,58.71,41.19,,0,,,,,,0,,,,,,0,,,,0,,,0,,,0,0,0
68855,Valle de San José,Santander,,,50.84,49.15,41.01,,0,,,,,,0,,,,,,0,,,,0,,,0,,,0,0,0
68861,Vélez,Santander,,,54.26,45.73,37.68,,0,,,,,,0,,,,,,0,,,,0,1,,1,,,0,2,2
68867,Vetas,Santander,,,16.19,83.8,39.56,,0,,,,,,0,,,,,,0,,,,0,,2,2,,,0,4,4
68872,Villanueva,Santander,,,38.99,61,37.7,,0,,,,,,0,,,,,,0,,,,0,,,0,,1,1,1,2
68895,Zapatoca,Santander,,,38.63,61.36,35.56,,0,,,,,,0,,,,,,0,,,,0,,,0,,,0,0,0
,Total,Santander,310555,389598,44.35,55.64,43.67,714669,,87,4,2,0,6,7,,,,,,0,,,,0,,,0,,,0,,0
70001,Sincelejo,Sucre,,,54.37,45.62,35.93,,2,,,2,,,0,3,3,,,,6,3,,,3,,,0,,,0,20,20
70110,Buenavista,Sucre,,,68.77,31.22,33.78,,0,,,,,,0,2,,,,,2,,,,0,,,0,,,0,4,4
70124,Caimito,Sucre,,,77.33,22.66,32.13,,0,,,,,,0,,,,,,0,,,,0,,,0,,,0,0,0
70204,Coloso,Sucre,,,70.14,29.85,35.14,,1,,1,,,,0,3,,,,,3,,,,0,,,0,1,,1,8,9
70215,Corozal,Sucre,,,61,38.99,39.67,,0,,,,,,0,2,,,,,2,,,,0,,,0,,,0,4,4
70221,Coveñas,Sucre,,,50.03,49.96,35.69,,0,,,,,,0,3,,,,,3,,,,0,,,0,1,,1,7,8
70230,Chalán,Sucre,,,65.09,34.9,31.66,,0,,,,,,0,2,,,,,2,,,,0,,,0,1,,1,5,6
70233,El Roble,Sucre,,,77.95,22.04,37.84,,1,,1,,,,0,3,,,,,3,,,,0,,,0,1,,1,8,9
70235,Galeras,Sucre,,,41.78,58.21,33.81,,0,,,,,,0,,,,,,0,,,,0,,,0,1,1,2,2,4
70265,Guaranda,Sucre,,,51.56,48.43,28.01,,0,,,,,,0,3,,,,,3,,,,0,,,0,,,0,6,6
70400,La Unión,Sucre,,,79.54,20.45,31.7,,0,,,,,,0,,,,,,0,,,,0,,,0,,,0,0,0
70418,Los Palmitos,Sucre,,,76.74,23.25,43.55,,1,,1,,,,0,3,,,,,3,,,,0,,,0,,,0,7,7
70429,Majagual,Sucre,,,57.93,42.06,26.57,,0,,,,,,0,,,,,,0,,,,0,,,0,,,0,0,0
70473,Morroa,Sucre,,,65.45,34.54,40.75,,1,,1,,,,0,,,,,,0,3,,,3,,,0,1,,1,8,9
70508,Ovejas,Sucre,,,72.51,27.48,37.09,,0,,,,,,0,,1,,,,1,,,,0,,,0,,,0,2,2
70523,Palmito,Sucre,,,69.67,30.32,35.2,,0,,,,,,0,,,,,,0,,,,0,,,0,1,,1,1,2
70670,Sampués,Sucre,,,59.62,40.27,37.79,,0,,,,,,0,3,,,,,3,,,,0,,,0,1,,1,7,8
70678,San Benito Abad,Sucre,,,64.34,35.65,29.64,,0,,,,,,0,3,,,,,3,,,,0,,,0,1,,1,7,8
70702,San Juan de Betulia,Sucre,,,71.3,28.69,40.39,,0,,,,,,0,,,,,,0,,,,0,,,0,1,,1,1,2
70708,San Marcos,Sucre,,,63.61,36.38,26.62,,0,,,,,,0,,,,,,0,,,,0,,,0,,,0,0,0
70713,San Onofre,Sucre,,,78.01,21.98,25.53,,1,,1,,,,0,3,2,,,,5,,,,0,,,0,,,0,11,11
70717,San Pedro,Sucre,,,64.86,35.13,36.2,,0,,,,,,0,,,,,,0,,,,0,,,0,,,0,0,0
70742,San Luis de Sincé,Sucre,,,61.02,38.97,35.79,,0,,,,,,0,,,,,,0,,,,0,,,0,,,0,0,0
70771,Sucre,Sucre,,,55.76,44.23,27.4,,0,,,,,,0,,,,,,0,,,,0,,,0,,,0,0,0
70820,Santiago de Tolú,Sucre,,,70.23,29.76,34.49,,0,,,,,,0,2,,,,,2,,,,0,,,0,,,0,4,4
70823,Tolú Viejo,Sucre,,,71.73,28.26,41.68,,0,,,,,,0,,,,,,0,,,,0,,,0,,,0,0,0
,Total,Sucre,137817,84887,61.88,38.11,34.36,227394,,26,5,1,0,6,23,,,,,,0,,,,0,,,0,,,0,,0
73001,Ibagué,Tolima,,,39.39,60.6,46.49,,2,,,2,,,0,2,2,,,,4,3,1,,4,,,0,,3,3,21,24
73024,Alpujarra,Tolima,,,31.02,68.97,40.72,,0,,,,,,0,,,,,,0,3,,,3,,,0,,,0,6,6
73026,Alvarado,Tolima,,,48.11,51.88,33.09,,0,,,,,,0,,,,,,0,,,,0,,,0,,,0,0,0
73030,Ambalema,Tolima,,,51.92,48.07,34.71,,0,,,,,,0,,,,,,0,,,,0,,,0,,,0,0,0
73043,Anzoátegui,Tolima,,,30.54,69.45,31.65,,0,,,,,,0,,,,,,0,,,,0,,,0,,,0,0,0
73055,Armero,Tolima,,,51.7,48.29,35.07,,0,,,,,,0,,,,,,0,,,,0,,,0,,,0,0,0
73067,Ataco,Tolima,,,32.45,67.54,35.11,,0,,,,,,0,,,,1,,1,,,,0,,,0,,,0,2,2
73124,Cajamarca,Tolima,,,30.86,69.13,37.34,,0,,,,,,0,,,,1,,1,,,,0,,,0,,,0,2,2
73148,Carmen de Apicalá,Tolima,,,35.2,64.79,41.47,,0,,,,,,0,,,,,,0,,,,0,,,0,,,0,0,0
73152,Casabianca,Tolima,,,49.17,50.82,38.98,,0,,,,,,0,,,,,,0,,,,0,,,0,,,0,0,0
73168,Chaparral,Tolima,,,44.99,55,32.84,,1,,1,,,,0,,,,1,,1,3,,,3,1,,1,,,0,11,11
73200,Coello,Tolima,,,56.25,43.74,35.03,,0,,,,,,0,,,,,,0,3,,,3,,,0,,,0,6,6
73217,Coyaima,Tolima,,,62.06,37.93,33.06,,0,,,,,,0,,,,,,0,3,,,3,,,0,,,0,6,6
73226,Cunday,Tolima,,,41.48,58.51,36.73,,0,,,,,,0,,,,,,0,,,,0,,,0,,,0,0,0
73236,Dolores,Tolima,,,41.5,58.49,41,,0,,,,,,0,,,,,,0,3,,,3,,,0,,,0,6,6
73268,Espinal,Tolima,,,36.45,63.54,40.32,,0,,,,,,0,,,,,,0,,,,0,,,0,,,0,0,0
73270,Falan,Tolima,,,53.54,46.45,39.1,,0,,,,,,0,,,,,,0,,,,0,,,0,,,0,0,0
73275,Flandes,Tolima,,,36.13,63.86,38.92,,0,,,,,,0,,,,,,0,,,,0,,,0,,,0,0,0
73283,Fresno,Tolima,,,33.09,66.9,32.81,,0,,,,,,0,,,,,,0,,,,0,,,0,,,0,0,0
73319,Guamo,Tolima,,,34.47,65.52,34.98,,0,,,,,,0,,,,,,0,,1,,1,,,0,,,0,2,2
73347,Herveo,Tolima,,,39.09,60.9,32.62,,0,,,,,,0,,,,,,0,3,,,3,,,0,,,0,6,6
73349,Honda,Tolima,,,42.56,57.43,37.12,,0,,,,,,0,,,,,,0,3,1,,4,,,0,,,0,8,8
73352,Icononzo,Tolima,,,52.87,47.12,34.68,,0,,,,,,0,,,,,,0,,,,0,,,0,,,0,0,0
73408,Lérida,Tolima,,,49.42,50.57,37.1,,0,,,,,,0,,,,,,0,,,,0,,,0,,,0,0,0
73411,Líbano,Tolima,,,49.61,50.38,32.73,,0,,,,,,0,,1,,,,1,,,,0,,,0,,,0,2,2
73443,Mariquita,Tolima,,,42.13,57.86,38.67,,0,,,,,,0,,,,,,0,,,,0,,,0,,,0,0,0
73449,Melgar,Tolima,,,28.81,71.18,39.71,,0,,,,,,0,,,,,,0,,,,0,,,0,,,0,0,0
73461,Murillo,Tolima,,,37.21,62.78,30.9,,0,,,,,,0,,,,,,0,,,,0,,,0,,,0,0,0
73483,Natagaima,Tolima,,,56.02,43.97,35.16,,1,,1,,,,0,,,,1,,1,3,,,3,,,0,,,0,9,9
73504,Ortega,Tolima,,,39.99,60,35.84,,0,,,,,,0,,,,,,0,,,,0,,,0,,,0,0,0
73520,Palocabildo,Tolima,,,41.53,58.46,33.31,,0,,,,,,0,,,,,,0,,,,0,,,0,,,0,0,0
73547,Piedras,Tolima,,,50.38,49.61,36.53,,0,,,,,,0,,,,,,0,,,,0,,,0,,,0,0,0
73555,Planadas,Tolima,,,47.77,52.22,31.55,,3,,,,3,,0,,,,1,1,2,3,,,3,1,,1,,,0,15,15
73563,Prado,Tolima,,,38.39,61.6,37.8,,0,,,,,,0,,,,1,,1,,,,0,,,0,,,0,2,2
73585,Purificación,Tolima,,,49.42,50.57,41.31,,0,,,,,,0,,,,,,0,,,,0,,,0,,,0,0,0
73616,Rioblanco,Tolima,,,48.8,51.19,29.8,,1,,1,,,,0,,,,1,,1,3,,,3,1,,1,,,0,11,11
73622,Roncesvalles,Tolima,,,51.33,48.66,37.5,,1,,1,,,,0,,,,1,,1,3,,,3,1,,1,,,0,11,11
73624,Rovira,Tolima,,,29.29,70.7,32.15,,1,,1,,,,0,,,,1,,1,3,,,3,1,,1,,,0,11,11
73671,Saldaña,Tolima,,,33.12,66.87,36.17,,0,,,,,,0,,,,,,0,3,,,3,,,0,,,0,6,6
73675,San Antonio,Tolima,,,28.36,71.63,40.38,,1,,1,,,,0,,,,1,,1,3,,,3,,,0,,,0,9,9
73678,San Luis,Tolima,,,38.69,61.3,40.21,,0,,,,,,0,,,,,,0,,,,0,,,0,,,0,0,0
73686,Santa Isabel,Tolima,,,27.85,72.14,30.86,,0,,,,,,0,,,,,,0,,,,0,1,,1,,,0,2,2
73770,Suárez,Tolima,,,38.99,61,41.33,,0,,,,,,0,,,,,,0,3,,,3,,,0,,,0,6,6
73854,Valle de San Juan,Tolima,,,46.03,53.96,30.35,,0,,,,,,0,,,,,,0,,,,0,,,0,,,0,0,0
73861,Venadillo,Tolima,,,43.77,56.22,38.29,,0,,,,,,0,,,,,,0,,,,0,,,0,,,0,0,0
73870,Villahermosa,Tolima,,,25.88,74.11,33.68,,0,,,,,,0,,,,,,0,,,,0,,,0,,,0,0,0
73873,Villarrica,Tolima,,,38.54,61.45,34.45,,3,,,,3,,0,,,,,1,1,,,,0,,,0,,,0,5,5
,Total,Tolima,164061,243150,40.28,59.71,39.99,416428,,47,6,1,2,9,19,,,,,,0,,,,0,,,0,,,0,,0
76001,Cali,Valle del Cauca,,,54.27,45.72,36.4,,0,,,,,,0,2,3,,,,5,3,1,,4,,,0,,1,1,19,20
76020,Alcalá,Valle del Cauca,,,48.88,51.11,33.95,,0,,,,,,0,,,,,,0,,,,0,,,0,,,0,0,0
76036,Andalucía,Valle del Cauca,,,52.12,47.87,35.11,,0,,,,,,0,,,,,,0,,,,0,,,0,,,0,0,0
76041,Ansermanuevo,Valle del Cauca,,,31.59,68.4,28.05,,0,,,,,,0,,,,,,0,,,,0,,,0,,,0,0,0
76054,Argelia,Valle del Cauca,,,48.42,51.57,30.42,,0,,,,,,0,,,,,,0,,,,0,,,0,,,0,0,0
76100,Bolívar,Valle del Cauca,,,42.8,57.19,37.07,,1,,1,,,,0,2,,,,,2,,,,0,1,,1,,,0,7,7
76109,Buenaventura,Valle del Cauca,,,70.66,29.33,28.46,,3,,,,3,,0,2,3,,1,,6,3,1,3,7,2,2,4,,2,2,39,41
76111,Guadalajara de Buga,Valle del Cauca,,,50.46,49.53,42.24,,0,,,,,,0,,,,,,0,,,,0,,,0,,,0,0,0
76113,Bugalagrande,Valle del Cauca,,,57.54,42.45,37.33,,0,,,,,,0,2,,,,,2,,,,0,,,0,,,0,4,4
76122,Caicedonia,Valle del Cauca,,,38.89,61.1,36.44,,0,,,,,,0,,,,,,0,,,,0,,,0,,,0,0,0
76126,Calima,Valle del Cauca,,,48.79,51.2,33.82,,0,,,,,,0,,,,,,0,,,,0,1,1,2,,,0,4,4
76130,Candelaria,Valle del Cauca,,,46.52,53.47,35.01,,0,,,,,,0,,,,,,0,,,,0,,,0,,1,1,1,2
76147,Cartago,Valle del Cauca,,,38.11,61.88,35.53,,2,,,2,,,0,,,,,,0,3,,3,6,,,0,,3,3,17,20
76233,Dagua,Valle del Cauca,,,44.33,55.66,30.72,,1,,1,,,,0,,,2,1,,3,,,,0,1,1,2,,,0,11,11
76243,El Águila,Valle del Cauca,,,30.88,69.11,35.63,,0,,,,,,0,,,,,,0,,,,0,,,0,,,0,0,0
76246,El Cairo,Valle del Cauca,,,50.35,49.64,28.78,,0,,,,,,0,,,,,,0,,,,0,,,0,,,0,0,0
76248,El Cerrito,Valle del Cauca,,,51.78,48.21,35.62,,0,,,,,,0,,,,,,0,,,,0,,,0,,,0,0,0
76250,El Dovio,Valle del Cauca,,,32.84,67.15,31.01,,0,,,,,,0,2,,,,,2,,,,0,,,0,,,0,4,4
76275,Florida,Valle del Cauca,,,56.7,43.29,37.55,,0,,,,,,0,,,,1,,1,,,,0,,,0,,1,1,3,4
76306,Ginebra,Valle del Cauca,,,49.37,50.62,40.58,,0,,,,,,0,,,,,,0,,,,0,,,0,,,0,0,0
76318,Guacarí,Valle del Cauca,,,55.95,44.04,38.6,,0,,,,,,0,,,,,,0,3,,,3,,,0,,,0,6,6
76364,Jamundí,Valle del Cauca,,,53.55,46.44,35.7,,1,,1,,,,0,,1,,1,,2,,,,0,1,,1,,,0,7,7
76377,La Cumbre,Valle del Cauca,,,50.18,49.81,32.38,,0,,,,,,0,,,,,,0,,,,0,,,0,,,0,0,0
76400,La Unión,Valle del Cauca,,,27.43,72.56,39.37,,0,,,,,,0,,,,,,0,,,,0,,,0,,,0,0,0
76403,La Victoria,Valle del Cauca,,,46.34,53.65,36.69,,0,,,,,,0,,,,,,0,,,,0,,,0,,,0,0,0
76497,Obando,Valle del Cauca,,,44.49,55.5,32.69,,0,,,,,,0,,,,,,0,3,,,3,,,0,,,0,6,6
76520,Palmira,Valle del Cauca,,,54.43,45.56,38.73,,0,,,,,,0,2,,,1,,3,,,,0,,,0,,1,1,7,8
76563,Pradera,Valle del Cauca,,,51.04,48.95,38.26,,1,,1,,,,0,2,1,,1,,4,,1,,1,,,0,,,0,11,11
76606,Restrepo,Valle del Cauca,,,40.84,59.15,29.82,,0,,,,,,0,,,,,,0,,,,0,,,0,,,0,0,0
76616,Riofrío,Valle del Cauca,,,40.69,59.3,33.48,,0,,,,,,0,,,,,,0,,,,0,,,0,,,0,0,0
76622,Roldanillo,Valle del Cauca,,,42.08,57.91,39.46,,1,,1,,,,0,2,,,,,2,3,,,3,,,0,,,0,11,11
76670,San Pedro,Valle del Cauca,,,50.17,49.82,37.5,,0,,,,,,0,,,,1,,1,,,,0,,,0,,,0,2,2
76736,Sevilla,Valle del Cauca,,,51.39,48.6,35.18,,0,,,,,,0,,,,,,0,,,,0,,,0,,1,1,1,2
76823,Toro,Valle del Cauca,,,36.34,63.65,30.99,,0,,,,,,0,,,,,,0,,,,0,,,0,,,0,0,0
76828,Trujillo,Valle del Cauca,,,37.29,62.7,34.19,,0,,,,,,0,2,,,,,2,,,,0,,,0,,,0,4,4
76834,Tuluá,Valle del Cauca,,,45.76,54.23,39.48,,2,,,2,,,0,2,2,,1,,5,,,,0,,,0,,,0,12,12
76845,Ulloa,Valle del Cauca,,,56.07,43.92,36.1,,0,,,,,,0,,,,,,0,,,,0,,,0,,,0,0,0
76863,Versalles,Valle del Cauca,,,36.85,63.14,33.62,,0,,,,,,0,,,,,,0,,,,0,,,0,,,0,0,0
76869,Vijes,Valle del Cauca,,,53.83,46.16,33.03,,0,,,,,,0,,,,,,0,,,,0,,,0,,,0,0,0
76890,Yotoco,Valle del Cauca,,,47.48,52.51,35.35,,0,,,,,,0,,,,,,0,,,,0,,,0,,,0,0,0
76892,Yumbo,Valle del Cauca,,,52.68,47.31,36.13,,0,,,,,,0,,,,,,0,,,,0,,,0,,,0,0,0
76895,Zarzal,Valle del Cauca,,,50.19,49.8,36.93,,0,,,,,,0,2,,,,,2,,,,0,,,0,,,0,4,4
,Total,Valle del Cauca,633329,574237,52.44,47.55,36.12,1228878,,42,5,2,1,8,19,,,,,,0,,,,0,,,0,,,0,,0
81001,Arauca,Arauca,,,35,65,35,,1,,1,,,,0,2,,2,1,,5,,1,,1,,,0,,,0,13,13
81065,Arauquita,Arauca,,,76,24,37,,3,,,,3,,0,,,2,1,1,4,3,,,3,1,,1,2,,2,21,23
81220,Cravo Norte,Arauca,,,40,60,31,,0,,,,,,0,,,,1,,1,,,,0,,,0,,,0,2,2
81300,Fortul,Arauca,,,69,31,33,,1,,1,,,,0,,,2,1,,3,,,,0,1,,1,2,,2,11,13
81591,Puerto Rondón,Arauca,,,39,61,31,,0,,,,,,0,,,,1,,1,,,,0,1,,1,,,0,4,4
81736,Saravena,Arauca,,,46,54,32,,2,,,2,,,0,2,1,2,1,,6,3,,,3,,,0,,,0,20,20
81794,Tame,Arauca,,,51,49,35,,2,,,2,,,0,,1,2,1,1,5,3,1,,4,1,,1,,,0,22,22
,Total,Arauca,28653,30274,48.62,51.37,34.58,61088,,7,2,2,1,5,71,,,,,,0,,,,0,,,0,,,0,,0
85001,Yopal,Casanare,,,29,71,51,,2,,,2,,,0,,,2,1,,3,3,1,,4,,,0,,,0,16,16
85010,Aguazul,Casanare,,,30,70,54,,2,,,2,,,0,,,2,,,2,3,,,3,,,0,,1,1,13,14
85015,Chameza,Casanare,,,71,29,62,,0,,,,,,0,,,,,,0,,,,0,,,0,2,2,4,4,8
85125,Hato Corozal,Casanare,,,22,78,40,,0,,,,,,0,,,2,,,2,,1,,1,,,0,,,0,6,6
85136,La Salina,Casanare,,,88,12,60,,0,,,,,,0,,,2,,,2,,,,0,,,0,,1,1,5,6
85139,Maní,Casanare,,,31,69,48,,0,,,,,,0,,,,,,0,,,,0,,,0,,,0,0,0
85162,Monterrey,Casanare,,,29,71,52,,0,,,,,,0,,,,,,0,,,,0,,,0,,,0,0,0
85225,Nunchía,Casanare,,,20,80,49,,0,,,,,,0,,,2,1,,3,,,,0,,,0,,,0,6,6
85230,Orocué,Casanare,,,40,60,40,,0,,,,,,0,,,,,,0,,,,0,,,0,,,0,0,0
85250,Paz de Ariporo,Casanare,,,23,77,43,,0,,,,,,0,,,,,,0,,,,0,,,0,,,0,0,0
85263,Pore,Casanare,,,20,80,52,,0,,,,,,0,,,,,,0,,,,0,,,0,,,0,0,0
85279,Recetor,Casanare,,,52,48,56,,1,,1,,,,0,,,2,,,2,,,,0,,,0,,2,2,7,9
85300,Sabanalarga,Casanare,,,51,49,50,,0,,,,,,0,,,,,,0,,,,0,,,0,,1,1,1,2
85315,Sácama,Casanare,,,85,15,49,,0,,,,,,0,,,2,1,,3,,,,0,,,0,,,0,6,6
85325,San Luis de Palenque,Casanare,,,22,78,44,,1,,1,,,,0,,,,,,0,3,,,3,,,0,,1,1,8,9
85400,Támara,Casanare,,,28,72,45,,0,,,,,,0,,,2,,,2,,,,0,,,0,,,0,4,4
85410,Tauramena,Casanare,,,27,73,54,,0,,,,,,0,,,,,,0,,,,0,,,0,,,0,0,0
85430,Trinidad,Casanare,,,20,80,42,,0,,,,,,0,,,,,,0,,,,0,,,0,,,0,0,0
85440,Villanueva,Casanare,,,30,70,42,,0,,,,,,0,,,,,,0,,,,0,,,0,,,0,0,0
,Total,Casanare,36118,89054,28.85,71.14,48.98,128914,,19,2,2,0,4,21,,,,,,0,,,,0,,,0,,,0,,0
86001,Mocoa,Putumayo,,,60.18,39.81,37.07,,0,,,,,,0,,,,,,0,,1,,1,1,1,2,,,0,6,6
86219,Colón,Putumayo,,,57.14,42.85,45.05,,0,,,,,,0,,,,,,0,,,,0,,1,1,,2,2,4,6
86320,Orito,Putumayo,,,77.2,22.79,31.71,,2,,,2,,,0,2,,,1,,3,3,,,3,3,1,4,,,0,22,22
86568,Puerto Asís,Putumayo,,,57.99,42,26.73,,3,,,,3,,0,,1,,1,1,3,3,1,,4,3,1,4,2,,2,27,29
86569,Puerto Caicedo,Putumayo,,,70.82,29.17,32.25,,1,,1,,,,0,,,,1,,1,,,,0,3,1,4,,,0,11,11
86571,Puerto Guzmán,Putumayo,,,72.34,27.65,29.41,,1,,1,,,,0,,,,1,,1,,,,0,2,1,3,2,,2,11,13
86573,Leguízamo,Putumayo,,,54.5,45.49,26.28,,1,,1,,,,0,,,,1,,1,,,,0,2,,2,1,,1,8,9
86749,Sibundoy,Putumayo,,,58.36,41.63,43.01,,0,,,,,,0,,,,,,0,,,,0,,1,1,,,0,2,2
86755,San Francisco,Putumayo,,,55.73,44.26,42.42,,0,,,,,,0,,,,,,0,,,,0,,,0,,1,1,1,2
86757,San Miguel,Putumayo,,,83.43,16.56,29.6,,1,,1,,,,0,,,,1,,1,,,,0,3,,3,,,0,9,9
86760,Santiago,Putumayo,,,60.66,39.33,39.12,,0,,,,,,0,,,,,,0,,,,0,1,,1,,,0,2,2
86865,Valle del Guamuez,Putumayo,,,86.04,13.95,34.16,,2,,,2,,,0,,1,,1,,2,,,,0,3,,3,,,0,12,12
86885,Villagarzón,Putumayo,,,50.99,49,36.72,,1,,1,,,,0,,,,,,0,,,,0,3,1,4,,,0,9,9
,Total,Putumayo,44643,23505,65.5,34.49,32.94,70090,,13,5,2,1,8,62,,,,,,0,,,,0,,,0,,,0,,0
88001,San Andrés,San Andrés,,,51.21,48.78,19.3,,1,,1,,,,0,2,,,,,2,,,,0,,,0,1,2,3,8,11
88564,Providencia,San Andrés,,,81.84,18.15,30.12,,0,,,,,,0,,,,,,0,,,,0,,,0,,2,2,2,4
,Total,San Andrés,5275,4313,55.01,44.98,20.2,9676,,2,1,0,0,1,50,,,,,,0,,,,0,,,0,,,0,,0
91001,Leticia,Amazonas,,,50,50,26,,0,,,,,,0,,,,,,0,,,,0,,,0,,,0,0,0
91263,El Encanto ,Amazonas,,,77,23,30,,0,,,,,,0,,,,,,0,,,,0,1,,1,,,0,2,2
91405,La Chorrera ,Amazonas,,,83,17,36,,0,,,,,,0,,,,1,,1,,,,0,1,,1,,,0,4,4
91407,La Pedrera ,Amazonas,,,88,12,21,,0,,,,,,0,,,,,,0,,,,0,,,0,,,0,0,0
91430,La Victoria ,Amazonas,,,80,20,28,,0,,,,,,0,,,,,,0,,,,0,,,0,2,,2,2,4
91460,Miriti - Paraná ,Amazonas,,,93,7,20,,0,,,,,,0,,,,,,0,,,,0,,,0,3,,3,3,6
91530,Puerto Alegría ,Amazonas,,,91,9,23,,0,,,,,,0,,,,,,0,,,,0,1,,1,2,,2,4,6
91536,Puerto Arica ,Amazonas,,,82,18,29,,0,,,,,,0,,,,,,0,,,,0,,,0,,,0,0,0
91540,Puerto Nariño,Amazonas,,,75,25,27,,0,,,,,,0,,,,,,0,,,,0,,,0,,,0,0,0
91669,Puerto Santander ,Amazonas,,,89,11,22,,0,,,,,,0,,,,,,0,,,,0,,,0,1,,1,1,2
91798,Tarapacá ,Amazonas,,,80,20,26,,0,,,,,,0,,,,,,0,,,,0,,,0,,,0,0,0
,Total,Amazonas,6524,4994,56.64,43.35,26.15,11714,,11,0,0,0,0,0,,,,,,0,,,,0,,,0,,,0,,0
94001,Inírida,Guainía,,,52.22,47.77,26.24,,0,,,,,,0,,,,,,0,,,,0,,,0,,,0,0,0
94343,Barranco Minas ,Guainía,,,81.64,18.35,18.73,,0,,,,,,0,,,,,,0,,,,0,1,,1,,,0,2,2
94663,Mapiripana ,Guainía,,,91.83,8.16,8.46,,0,,,,,,0,,,,,,0,,,,0,1,,1,3,,3,5,8
94883,San Felipe ,Guainía,,,59.02,40.97,18.44,,0,,,,,,0,,,,,,0,,,,0,,,0,1,,1,1,2
94884,Puerto Colombia ,Guainía,,,57.14,42.85,8.78,,2,,,2,,,0,,,,,1,1,,,,0,,1,1,2,,2,8,10
94885,La Guadalupe ,Guainía,,,0,0,0,,0,,,,,,0,,,,,,0,,,,0,,,0,,,0,0,0
94886,Cacahual ,Guainía,,,70.83,29.16,7.39,,0,,,,,,0,,,,,,0,,,,0,,,0,,,0,0,0
94887,Pana Pana ,Guainía,,,71.6,28.39,49.39,,0,,,,,,0,,,,,,0,,,,0,,1,1,,,0,2,2
94888,Morichal ,Guainía,,,100,0,24.02,,0,,,,,,0,,,,,,0,,,,0,1,,1,3,,3,5,8
,Total,Guainía,3326,2664,55.52,44.47,24.02,6105,,9,0,1,0,1,11,,,,,,0,,,,0,,,0,,,0,,0
95001,San José del Guaviare,Guaviare,,,47.35,52.64,41.94,,3,,,,3,,0,,,,1,1,2,,1,,1,1,,1,,,0,11,11
95015,Calamar,Guaviare,,,72.17,27.87,28.03,,0,,,,,,0,,,,1,1,2,,,,0,1,,1,1,,1,7,8
95025,El Retorno,Guaviare,,,59.22,40.77,39.09,,3,,,,3,,0,,,,,1,1,,,,0,2,,2,,,0,9,9
95200,Miraflores,Guaviare,,,85.65,14.34,24.02,,2,,,2,,,0,,,,1,,1,,,,0,2,,2,3,,3,11,14
,Total,Guaviare,11132,9924,52.86,47.13,38.78,21894,,4,0,1,2,3,75,,,,,,0,,,,0,,,0,,,0,,0
97001,Mitú,Vaupés,,,91.39,8.6,17.59,,0,,,,,,0,,,,,,0,,,,0,1,,1,,,0,2,2
97161,Caruru,Vaupés,,,75.62,24.37,23.28,,0,,,,,,0,,,,,,0,,,,0,1,,1,,,0,2,2
97511,Pacoa ,Vaupés,,,83.4,16.59,27.01,,0,,,,,,0,,,,,,0,,,,0,,,0,,,0,0,0
97666,Taraira,Vaupés,,,78.89,21.1,25.05,,0,,,,,,0,,,,,,0,,,,0,,1,1,1,,1,3,4
97777,Papunaua ,Vaupés,,,94.73,5.26,17.43,,0,,,,,,0,,,,,,0,,,,0,,,0,3,,3,3,6
97889,Yavaraté ,Vaupés,,,88.25,11.74,30.53,,0,,,,,,0,,,,,,0,,,,0,,,0,,,0,0,0
,Total,Vaupés,3796,1067,78.05,21.94,23.47,4962,,6,0,0,0,0,0,,,,,,0,,,,0,,,0,,,0,,0
99001,Puerto Carreño,Vichada,,,46.15,53.84,27.64,,0,,,,,,0,,,,,,0,,,,0,,,0,,,0,0,0
99524,La Primavera,Vichada,,,27,72.99,34.45,,0,,,,,,0,,,,,,0,,,,0,,,0,,,0,0,0
99624,Santa Rosalía,Vichada,,,45.53,54.46,42.61,,0,,,,,,0,,,,,,0,,,,0,,,0,,2,2,2,4
99773,Cumaribo,Vichada,,,74.05,25.94,19.37,,2,,,2,,,0,,1,,1,1,3,,,,0,1,,1,2,,2,12,14
,Total,Vichada,6139,5977,50.66,49.33,26.24,12371,,4,0,1,0,1,25,,,,,,0,,,,0,,,0,,,0,0,0
,,,,,,,,,,,,,,,,,,,,,,,,,,,,,,,,,
,,,,,,,,,,,,,,,,,,,,,,,,,,,,,,,,,
,,,,,,,,,,,,,,,,,,,,,,,,,,,,,,,,,
,,,,,,,,,,,,,,,100,,,,,,,,,,,,,,,,,,